ticker,actual,harnet_pred
SPY,0.04254670813679695,0.059585440903902054
SPY,0.03046380914747715,0.06213268265128136
SPY,0.019104795530438423,0.043118689209222794
SPY,0.0013694075169041753,0.03582305833697319
SPY,0.034322645515203476,0.05992070958018303
SPY,5.33946804353036e-05,0.08000720292329788
SPY,0.0026489407755434513,0.0619783028960228
SPY,0.04844026640057564,0.0656065121293068
SPY,0.0015770532190799713,0.059111934155225754
SPY,0.10348504781723022,0.05556383728981018
SPY,0.00047926613478921354,0.058700475841760635
SPY,0.0070923673920333385,0.06451446563005447
SPY,0.02906610816717148,0.05784368887543678
SPY,0.0029132517520338297,0.03655865043401718
SPY,0.0034549871925264597,0.021610721945762634
SPY,0.0037223701365292072,0.03906077519059181
SPY,0.01512451097369194,0.037999603897333145
SPY,0.06379299610853195,0.03560789301991463
SPY,0.00012083222827641293,0.04217393323779106
SPY,0.0601319782435894,0.0442500077188015
SPY,0.000670044042635709,0.04211736097931862
SPY,0.0873885303735733,0.009252338670194149
SPY,0.05323648452758789,0.003973496146500111
SPY,0.0005126455798745155,-0.005408097989857197
SPY,0.06773648411035538,-0.016427330672740936
SPY,0.009919914416968822,-0.02049405127763748
SPY,0.07623586803674698,-0.03370220214128494
SPY,0.03485993668437004,-0.03056509420275688
SPY,0.023077860474586487,-0.006628523580729961
SPY,0.042882636189460754,0.0035808896645903587
SPY,0.0744950920343399,0.04015933349728584
SPY,0.0018368791788816452,0.047956835478544235
SPY,0.010780525393784046,0.055521201342344284
SPY,0.0008792754961177707,0.06534530222415924
SPY,0.0012723976979032159,0.06961817294359207
SPY,0.05247411131858826,0.08635088056325912
SPY,0.008589396253228188,0.09366299211978912
SPY,0.049365390092134476,0.09096579998731613
SPY,0.0036451786290854216,0.10566180944442749
SPY,0.007800254970788956,0.10391953587532043
SPY,0.0017320372862741351,0.11556567996740341
SPY,0.003819565288722515,0.10655488073825836
SPY,0.0002651865652296692,0.08401570469141006
SPY,1.8183420252171345e-05,0.0826837420463562
SPY,0.00420373072847724,0.0774247795343399
SPY,0.04387633875012398,0.0769456997513771
SPY,0.00150743976701051,0.06031016632914543
SPY,0.0032330448739230633,0.04996258392930031
SPY,0.00010717307304730639,0.05018319562077522
SPY,7.196332717285259e-06,0.01697436161339283
SPY,0.00754584651440382,-0.008594744838774204
SPY,0.00015200716734398156,-0.024890907108783722
SPY,0.0002739434130489826,-0.029225002974271774
SPY,0.06452099233865738,-0.031286321580410004
SPY,0.004540139343589544,-0.03738311678171158
SPY,0.09792260825634003,-0.03022247552871704
SPY,0.01820274442434311,-0.013259169645607471
SPY,0.00025726246531121433,-0.01692550629377365
SPY,0.03219519555568695,-0.013537858612835407
SPY,0.011954114772379398,-0.013823327608406544
SPY,0.012732666917145252,-0.019999895244836807
SPY,0.08479193598031998,-0.02629108726978302
SPY,1.789761518011801e-05,-0.026609599590301514
SPY,0.004867499228566885,-0.015500341542065144
SPY,0.005475901532918215,-0.015821266919374466
SPY,0.0007677399553358555,-0.018151964992284775
SPY,0.0004333157849032432,-0.01852351799607277
SPY,0.0029894914478063583,-0.017268266528844833
SPY,0.011329779401421547,-0.01916995272040367
SPY,0.036688048392534256,-0.027804624289274216
SPY,0.023162230849266052,-0.04492111876606941
SPY,0.0005344124510884285,-0.03735794872045517
SPY,4.153245754423551e-05,-0.03441844880580902
SPY,0.03209952265024185,-0.027607515454292297
SPY,0.013323080725967884,-0.02321210876107216
SPY,0.018736129626631737,-0.027017883956432343
SPY,0.04172484576702118,-0.014175654388964176
SPY,3.6535842809826136e-05,6.611179560422897e-05
SPY,0.007791794370859861,-0.006380015052855015
SPY,0.022533826529979706,0.0016823848709464073
SPY,0.05194603651762009,-0.008192409761250019
SPY,0.0009270533337257802,-0.012776781804859638
SPY,0.0011922738049179316,-0.0025123776867985725
SPY,0.0030233378056436777,-0.00022950861603021622
SPY,0.00916372425854206,-0.007355396635830402
SPY,0.0008099366095848382,-0.010316402651369572
SPY,0.020553048700094223,-0.014220678247511387
SPY,0.010881748981773853,-0.004511532373726368
SPY,0.00035689983633346856,-0.011259985156357288
SPY,0.03825841099023819,-0.00041266996413469315
SPY,0.002933816285803914,0.008354640565812588
SPY,0.006818712223321199,0.008260252885520458
SPY,0.006649959832429886,0.005096829496324062
SPY,0.003271921072155237,0.00355547945946455
SPY,0.014512238092720509,-0.0030679823830723763
SPY,0.004223967436701059,-0.008194946683943272
SPY,0.029960282146930695,0.009080558083951473
SPY,6.406063766917214e-05,0.021398436278104782
SPY,0.003899273695424199,0.01647191494703293
SPY,0.034682746976614,0.012010916136205196
SPY,0.00033320605871267617,0.0011092787608504295
SPY,0.000558027473744005,-0.005034361965954304
SPY,0.015575055032968521,0.005605525337159634
SPY,0.0016102695371955633,0.006583995185792446
SPY,0.0016102695371955633,-0.005642329342663288
SPY,0.010156052187085152,-0.01627393066883087
SPY,0.016183430328965187,-0.005886909551918507
SPY,0.015749383717775345,-0.006041151471436024
SPY,9.78165990090929e-05,0.0010125888511538506
SPY,0.003027683822438121,0.014366130344569683
SPY,0.013810730539262295,0.022467855364084244
SPY,0.0012435748940333724,0.008060011081397533
SPY,0.011166526935994625,0.00575293879956007
SPY,0.0,0.017589520663022995
SPY,0.005006622523069382,0.0038105426356196404
SPY,0.0018733128672465682,0.009518730454146862
SPY,5.949386377324117e-06,0.0056944964453577995
SPY,0.011150815524160862,0.009481954388320446
SPY,0.023919211700558662,0.007610487751662731
SPY,0.000911903684027493,-0.009022665210068226
SPY,0.002069302834570408,-0.010224898345768452
SPY,0.049451522529125214,-0.015324142761528492
SPY,0.002075684955343604,-0.009306413121521473
SPY,0.005178272258490324,-0.017507437616586685
SPY,0.019033323973417282,-0.02974848821759224
SPY,0.00478642201051116,-0.01553202886134386
SPY,0.011338256299495697,-0.01719927415251732
SPY,3.24437532981392e-05,-0.015358713455498219
SPY,8.574570529162884e-05,-0.00559882540255785
SPY,0.007636456284672022,-0.0063373493030667305
SPY,0.03459804505109787,-0.022363726049661636
SPY,0.013670005835592747,-0.0350722037255764
SPY,0.014744451269507408,-0.04874106124043465
SPY,5.8364090364193544e-05,-0.03383428230881691
SPY,0.010598907247185707,-0.032110217958688736
SPY,0.0018540824530646205,-0.033108510076999664
SPY,0.030916208401322365,-0.0370137058198452
SPY,0.049081381410360336,-0.04494686424732208
SPY,0.012436460703611374,-0.04513182118535042
SPY,0.010069591924548149,-0.03422558307647705
SPY,0.05190151929855347,-0.026273604482412338
SPY,0.0042575947009027,-0.014848624356091022
SPY,0.000540394801646471,-0.01700853556394577
SPY,0.0008750846027396619,-0.033453602343797684
SPY,0.004727580584585667,-0.02403385564684868
SPY,0.011465557850897312,-0.019238509237766266
SPY,0.0023828106932342052,-0.024135548621416092
SPY,0.0005708086537197232,-0.008646250702440739
SPY,0.010828254744410515,-0.0028737010434269905
SPY,0.007624456658959389,-0.020727727562189102
SPY,0.00034213598701171577,-0.019812438637018204
SPY,0.018575161695480347,-0.016428880393505096
SPY,0.037027206271886826,-0.01431772205978632
SPY,8.662897016620263e-05,-0.015898797661066055
SPY,0.0010859639151021838,-0.01539862621575594
SPY,0.021496126428246498,-0.01088449452072382
SPY,0.06999797374010086,-0.014518150128424168
SPY,0.001277073984965682,-0.021449510008096695
SPY,0.004437689669430256,-0.00546633917838335
SPY,0.05519970878958702,0.0059854378923773766
SPY,4.013046782347374e-05,0.004523317329585552
SPY,0.008420919068157673,0.006050511263310909
SPY,0.0014880049275234342,0.011961533688008785
SPY,3.9877151721157134e-05,0.005280102603137493
SPY,0.045766305178403854,-0.0039223553612828255
SPY,0.013266071677207947,-0.008000333793461323
SPY,3.5788681998383254e-05,-0.006616373546421528
SPY,0.035104840993881226,-0.0051108794286847115
SPY,0.010263635776937008,0.0020355572924017906
SPY,0.0067914752289652824,-0.0042295800521969795
SPY,0.004211091902107,-0.008773979730904102
SPY,0.009423431940376759,-0.00773713830858469
SPY,0.006283311638981104,-0.0031937183812260628
SPY,0.027606723830103874,-0.0034103402867913246
SPY,5.314677196111006e-07,0.002280152402818203
SPY,0.045348141342401505,0.0017360886558890343
SPY,0.01962699368596077,-0.006033395417034626
SPY,0.0385245680809021,-0.027384933084249496
SPY,0.000758240232244134,-0.01414478663355112
SPY,0.014216834679245949,-0.007268681190907955
SPY,0.05266313627362251,-0.015475361607968807
SPY,0.03657117113471031,-0.03517819568514824
SPY,0.00520150363445282,-0.016376513987779617
SPY,0.035595282912254333,-0.0033059725537896156
SPY,0.009877180680632591,-0.024768926203250885
SPY,0.028358688578009605,-0.01313528697937727
SPY,0.09081010520458221,0.0029986025765538216
SPY,0.020786458626389503,0.00955860037356615
SPY,0.0013303672894835472,0.027669072151184082
SPY,0.0020355856977403164,0.026213914155960083
SPY,0.0001350774837192148,0.029081307351589203
SPY,0.01544737908989191,0.03309942036867142
SPY,0.06042055785655975,0.022214550524950027
SPY,0.00022919889306649566,0.004352300427854061
SPY,0.09304225444793701,0.004165264777839184
SPY,0.0011270508402958512,0.003992983140051365
SPY,0.0003765677392948419,-0.0038288915529847145
SPY,0.00038926515844650567,-0.0014282939955592155
SPY,0.014817680232226849,-0.009482317604124546
SPY,0.0011995251988992095,-0.011767611838877201
SPY,0.0037418934516608715,-0.01882306858897209
SPY,9.53809212660417e-05,-0.0069368379190564156
SPY,0.0008188384235836565,-0.00380678940564394
SPY,0.00024678686168044806,-0.0012854421511292458
SPY,0.0001247789041372016,-0.005131599493324757
SPY,0.0038914999458938837,-0.002901189960539341
SPY,0.008767593652009964,-0.008875151164829731
SPY,0.006980521604418755,-0.01709374412894249
SPY,9.785034308151808e-06,-0.016977209597826004
SPY,0.00410919263958931,-0.015782203525304794
SPY,0.014560804702341557,-0.014004354365170002
SPY,0.0046379356645047665,-0.03126555308699608
SPY,0.003797848941758275,-0.03545937314629555
SPY,0.005232634954154491,-0.017489176243543625
SPY,0.04726996645331383,-0.01312034297734499
SPY,0.002587058814242482,-0.009432886727154255
SPY,0.0006842892034910619,-0.013918359763920307
SPY,0.00792937632650137,-0.015030843205749989
SPY,0.00926163885742426,-0.020031463354825974
SPY,0.04906906560063362,-0.054090697318315506
SPY,0.022443395107984543,-0.05299890413880348
SPY,0.001015799934975803,-0.026477303355932236
SPY,0.0044740852899849415,-0.012873564846813679
SPY,0.0008223301847465336,-0.012316894717514515
SPY,3.5916498745791614e-05,-0.00910904724150896
SPY,0.002117735333740711,-0.013555740006268024
SPY,0.007937103509902954,-0.012197976000607014
SPY,0.016945265233516693,-0.0173979289829731
SPY,0.0026230572257190943,-0.013494503684341908
SPY,0.00047208264004439116,-0.006290373392403126
SPY,0.050634630024433136,-0.005548072047531605
SPY,0.0005809037247672677,-0.016492653638124466
SPY,0.008014763705432415,-0.027719907462596893
SPY,4.8955076636048034e-05,-0.012017586268484592
SPY,0.00012081599561497569,-0.011928991414606571
SPY,0.003408798249438405,-0.00906603503972292
SPY,0.00783001258969307,-0.008377072401344776
SPY,0.01975255087018013,-0.00028100330382585526
SPY,0.038679447025060654,-0.006145318038761616
SPY,0.0011243193875998259,-0.01776104047894478
SPY,0.00213718693703413,-0.009192739613354206
SPY,0.0003007806371897459,-0.0027465270832180977
SPY,0.007414186839014292,-0.010051158256828785
SPY,0.00040719006210565567,-0.019087743014097214
SPY,0.015680208802223206,-0.03622232750058174
SPY,0.000150907231727615,-0.047380704432725906
SPY,0.06820700317621231,-0.041946347802877426
SPY,0.04260904714465141,-0.03251011297106743
SPY,0.027636444196105003,-0.02697795256972313
SPY,0.0033530076034367085,-0.012294975109398365
SPY,0.00211791112087667,-0.009486411698162556
SPY,0.017384832724928856,-0.014869284816086292
SPY,4.911199721391313e-05,-0.027376435697078705
SPY,0.008369321934878826,-0.02184554561972618
SPY,4.860446642851457e-05,-0.0016985060647130013
SPY,0.04847026616334915,-0.013439198024570942
SPY,0.02062404714524746,-0.0024613263085484505
SPY,0.011914551258087158,-0.006410275585949421
SPY,0.006280764006078243,0.00575574766844511
SPY,0.007680301088839769,0.01374476682394743
SPY,0.00020661350572481751,0.014511383138597012
SPY,0.10573887079954147,0.00708420854061842
SPY,0.00011976107634836808,0.008550564758479595
SPY,0.003392596263438463,-0.0034519704058766365
SPY,0.0008682106854394078,0.01491034310311079
SPY,0.00044088735012337565,0.023410510271787643
SPY,0.003245334606617689,0.03254583105444908
SPY,0.022004462778568268,0.026037856936454773
SPY,0.0002901187399402261,0.030270088464021683
SPY,0.025424441322684288,0.018510732799768448
SPY,0.006437886506319046,0.021198730915784836
SPY,0.024585315957665443,0.015538620762526989
SPY,0.009132880717515945,0.005285683088004589
SPY,0.00018650511628948152,-0.0029726075008511543
SPY,0.028851047158241272,0.008463452570140362
SPY,0.0006200591451488435,0.009299064986407757
SPY,0.000986747327260673,0.003849211148917675
SPY,0.011964166536927223,0.022815443575382233
SPY,0.008848655968904495,0.024116087704896927
SPY,0.00773916719481349,0.02240334451198578
SPY,0.021360090002417564,0.01541397999972105
SPY,0.0027432485949248075,0.009968954138457775
SPY,0.0009075282723642886,0.0059379590675234795
SPY,0.001928876037709415,0.0017893863841891289
SPY,0.0008611881639808416,0.0010435087606310844
SPY,0.0176492128521204,0.0002556098625063896
SPY,9.220512765750755e-06,-0.028307665139436722
SPY,0.000764024502132088,-0.0199357308447361
SPY,0.010252495296299458,-0.009882715530693531
SPY,0.0003036798443645239,-0.008210872299969196
SPY,0.038007427006959915,-0.0042286040261387825
SPY,0.02721833437681198,-0.00257208663970232
SPY,7.879245822550729e-05,-0.01556407380849123
SPY,0.0003367822791915387,-0.010742158629000187
SPY,0.02552128955721855,-0.011566025204956532
SPY,0.014245133846998215,-0.0092513682320714
SPY,0.04868411272764206,-0.02650539204478264
SPY,0.0400531142950058,-0.015695448964834213
SPY,0.0008397552883252501,0.005276176147162914
SPY,0.008878777734935284,0.0027410564944148064
SPY,0.0010694228112697601,0.011861349456012249
SPY,0.019367139786481857,0.01246520783752203
SPY,0.02117740362882614,0.0017622960731387138
SPY,0.03506842628121376,-0.0006898054853081703
SPY,5.6820088502718136e-05,-0.005653236992657185
SPY,0.0036505365278571844,-0.01582484319806099
SPY,0.022405993193387985,-0.01533785555511713
SPY,0.003149576485157013,-0.009506807662546635
SPY,0.06425493210554123,-0.011233960278332233
SPY,0.0026655341498553753,-0.00768397469073534
SPY,0.02184119075536728,-0.02727813646197319
SPY,0.0382436066865921,-0.01652812585234642
SPY,0.026599042117595673,-0.007232404313981533
SPY,0.00030655483715236187,-0.015198533423244953
SPY,2.3541006157756783e-06,-0.004538671113550663
SPY,0.00831805169582367,-0.015118480660021305
SPY,0.00041762227192521095,-0.028287306427955627
SPY,4.546105174085824e-06,-0.013958089984953403
SPY,0.0052804709412157536,0.0031134141609072685
SPY,0.038168761879205704,-0.0019267359748482704
SPY,0.001069038757123053,-0.016524236649274826
SPY,0.0005199979641474783,-0.018118571490049362
SPY,0.00033407192677259445,-0.014275492168962955
SPY,0.0015123423654586077,-0.016394246369600296
SPY,0.002095364034175873,-0.022349651902914047
SPY,0.013543670997023582,-0.02596180886030197
SPY,0.01095955353230238,-0.02408795803785324
SPY,0.0001229870249517262,-0.031017575412988663
SPY,0.012444166466593742,-0.03369639068841934
SPY,0.011163534596562386,-0.015133672393858433
SPY,0.020716892555356026,-0.014246893115341663
SPY,0.00016731438518036157,-0.01359469909220934
SPY,0.0003146837407257408,-0.004474748857319355
SPY,0.035176895558834076,-0.0028312476351857185
SPY,8.711182886145252e-08,-0.00950943399220705
SPY,0.0003729368618223816,-0.011800763197243214
SPY,0.002398204989731312,-0.014124822802841663
SPY,0.001458250335417688,-0.0162888802587986
SPY,0.016860011965036392,-0.019350599497556686
SPY,0.0010195168433710933,-0.013179664500057697
SPY,9.323222911916673e-05,-0.020930249243974686
SPY,0.015836503356695175,-0.023371238261461258
SPY,0.0016227285377681255,-0.02174227312207222
SPY,0.0018648650730028749,-0.034162577241659164
SPY,0.00045349885476753116,-0.06862761825323105
SPY,0.0026716466527432203,-0.06857678294181824
SPY,0.003722577588632703,-0.06966640055179596
SPY,0.00039202524931170046,-0.06231563910841942
SPY,0.0006255226326175034,-0.060236942023038864
SPY,0.003917870577424765,-0.06589360535144806
SPY,0.0010651223128661513,-0.07941840589046478
SPY,0.011336592957377434,-0.08733364939689636
SPY,0.004996295552700758,-0.08137000352144241
SPY,0.008331483229994774,-0.09650454670190811
SPY,0.0003351056366227567,-0.10111221671104431
SPY,0.00023808916739653796,-0.11625808477401733
SPY,0.024433132261037827,-0.11186715960502625
SPY,0.01889890618622303,-0.10954125970602036
SPY,0.009962623007595539,-0.12854620814323425
SPY,0.0019008427625522017,-0.10763777792453766
SPY,0.008809531107544899,-0.08279958367347717
SPY,0.05024440959095955,-0.07358834892511368
SPY,0.014997817575931549,-0.07534753531217575
SPY,0.011186468414962292,-0.08867266774177551
SPY,0.026512645184993744,-0.06463071703910828
SPY,0.0006210482097230852,-0.04701809212565422
SPY,0.13241814076900482,-0.04942411556839943
SPY,0.006877767853438854,-0.030223671346902847
SPY,0.03126012906432152,-0.014642004854977131
SPY,8.697713928995654e-05,-0.002812926657497883
SPY,0.00650152750313282,0.0027227355167269707
SPY,0.06551586836576462,0.005343335680663586
SPY,0.05125976726412773,0.009436237625777721
SPY,0.08900900185108185,0.011854066513478756
SPY,0.2201404720544815,0.011222920380532742
SPY,0.021224362775683403,0.01224310602992773
SPY,0.011334219947457314,0.004248748533427715
SPY,0.13162344694137573,-0.008109494112432003
SPY,0.0048788501881062984,-0.009670478291809559
SPY,6.951127579668537e-05,0.0033622952178120613
SPY,0.06705161184072495,0.031770460307598114
SPY,0.0025002642069011927,0.04849882796406746
SPY,0.07278425991535187,0.06819352507591248
SPY,0.001263836515136063,0.09446363896131516
SPY,0.022818900644779205,0.10168377310037613
SPY,0.0006672525778412819,0.11815091222524643
SPY,0.0029657057020813227,0.1133124828338623
SPY,0.015645518898963928,0.11353795230388641
SPY,0.02815072052180767,0.10594185441732407
SPY,0.0014352541184052825,0.0888323038816452
SPY,0.00047446912503801286,0.08793918788433075
SPY,0.008542198687791824,0.056008435785770416
SPY,2.0093452803848777e-06,0.04102183133363724
SPY,0.022746941074728966,0.03141087293624878
SPY,0.10895800590515137,0.041035544127225876
SPY,0.0010579705704003572,0.02584116905927658
SPY,0.0014943053247407079,0.03294609487056732
SPY,0.07260022312402725,0.032713402062654495
SPY,0.0312393456697464,-0.0007958719506859779
SPY,0.004760419484227896,0.013892064802348614
SPY,0.026251856237649918,0.007840005680918694
SPY,0.01772991381585598,-0.0025746114552021027
SPY,0.0068389493972063065,-0.010924343951046467
SPY,0.0005486966692842543,0.0026819687336683273
SPY,4.202606214676052e-05,0.0158381387591362
SPY,0.0022229060996323824,0.013272020034492016
SPY,0.07214772701263428,0.009271735325455666
SPY,0.0007543255924247205,-0.0012114094570279121
SPY,0.0015695964684709907,0.009370067156851292
SPY,0.002057135570794344,0.01622581295669079
SPY,0.0012284425320103765,0.012263131327927113
SPY,0.003945380449295044,0.011019409634172916
SPY,0.0005308652762323618,0.009454662911593914
SPY,0.004030649550259113,0.001973525620996952
SPY,0.020406560972332954,-3.630947321653366e-05
SPY,4.485239333007485e-05,-0.00018727872520685196
SPY,0.0008437843644060194,0.001510237343609333
SPY,0.02062322571873665,0.015907108783721924
SPY,0.020784178748726845,-0.021925903856754303
SPY,0.022329334169626236,-0.042682286351919174
SPY,0.012006706558167934,-0.02600216120481491
SPY,0.0007731567602604628,-0.01357423048466444
SPY,0.008982415311038494,-0.013622567988932133
SPY,0.016718273982405663,-0.023997657001018524
SPY,0.015331557020545006,-0.028566274791955948
SPY,0.004739949945360422,-0.022806189954280853
SPY,1.8588719967738143e-06,-0.02263179048895836
SPY,0.0037139449268579483,-0.007065338082611561
SPY,0.0006806325982324779,-0.005201977677643299
SPY,7.111662125680596e-05,-0.007639017887413502
SPY,0.021233992651104927,-0.006410893984138966
SPY,0.001176040736027062,-0.03987472131848335
SPY,3.0032644644961692e-05,-0.03975716605782509
SPY,0.0024009181652218103,-0.025595758110284805
SPY,0.0006588833057321608,-0.014077183790504932
SPY,0.002313306787982583,-0.016562145203351974
SPY,0.09877268970012665,-0.021380115300416946
SPY,0.004470034968107939,-0.021086830645799637
SPY,0.0011716302251443267,-0.02140464261174202
SPY,0.03640413656830788,-0.018779542297124863
SPY,0.15202295780181885,-0.004558180458843708
SPY,0.014950091019272804,-0.005423706956207752
SPY,0.004708124790340662,-0.013811756856739521
SPY,0.00022856733994558454,-0.011849653907120228
SPY,0.002439053962007165,-0.022766511887311935
SPY,5.94360644754488e-05,-0.03060433641076088
SPY,0.0104863615706563,-0.021043363958597183
SPY,0.041880425065755844,-0.025771547108888626
SPY,0.0042134420946240425,-0.04677286371588707
SPY,0.0033550960943102837,-0.04727935418486595
SPY,2.8915979783050716e-05,-0.03693580999970436
SPY,0.007223332300782204,-0.03291765972971916
SPY,0.002413764363154769,-0.0451848991215229
SPY,0.002889526542276144,-0.043751005083322525
SPY,0.006834518630057573,-0.03323802724480629
SPY,0.0023205499164760113,-0.04290828853845596
SPY,0.009664549492299557,-0.032537396997213364
SPY,0.0008081166306510568,-0.010131587274372578
SPY,5.4202668252401054e-05,-0.006734640337526798
SPY,0.009656595066189766,-0.004090429283678532
SPY,0.0006835408275946975,-0.008524683304131031
SPY,0.0009039303404279053,-0.0166710764169693
SPY,0.00671754265204072,-0.009258870966732502
SPY,0.0024437454994767904,-0.00704540777951479
SPY,0.01494511030614376,-0.021266404539346695
SPY,0.006725306622684002,-0.04688461497426033
SPY,9.933242836268619e-06,-0.05334848538041115
SPY,0.004575112834572792,-0.04483417794108391
SPY,0.004295349586755037,-0.03077755495905876
SPY,0.23069673776626587,-0.029067177325487137
SPY,2.377434248046484e-05,-0.020698953419923782
SPY,0.035923272371292114,-0.027409832924604416
SPY,0.008982590399682522,-0.02952389046549797
SPY,0.03079012781381607,-0.024586010724306107
SPY,1.115125883188739e-06,-0.026961233466863632
SPY,0.028219735249876976,-0.009133216924965382
SPY,0.03319510072469711,-0.011617456562817097
SPY,0.0033474985975772142,-0.017013754695653915
QQQ,0.1059761494398117,0.12080563604831696
QQQ,0.08111447840929031,0.1332768350839615
QQQ,0.01985802687704563,0.14477045834064484
QQQ,0.010927113704383373,0.15087492763996124
QQQ,0.06362073123455048,0.1271308809518814
QQQ,0.01365738082677126,0.13217146694660187
QQQ,0.01467832736670971,0.12208327651023865
QQQ,0.09042223542928696,0.0993352010846138
QQQ,0.012634512968361378,0.09644316136837006
QQQ,0.14466841518878937,0.10183249413967133
QQQ,0.00014091913180891424,0.0961773544549942
QQQ,0.019058791920542717,0.09428990632295609
QQQ,0.07185637205839157,0.1028825044631958
QQQ,0.012832324020564556,0.10418376326560974
QQQ,0.00042178365401923656,0.08117704838514328
QQQ,0.016418423503637314,0.08757568895816803
QQQ,0.017118854448199272,0.08497031033039093
QQQ,0.10551978647708893,0.08364193141460419
QQQ,0.0003240026126150042,0.07950718700885773
QQQ,0.038385022431612015,0.06690654158592224
QQQ,0.0062543717212975025,0.06417203694581985
QQQ,0.07697688043117523,0.06622815132141113
QQQ,0.05040895566344261,0.035579975694417953
QQQ,0.013758685439825058,0.050238288938999176
QQQ,0.13008177280426025,0.06650730967521667
QQQ,0.006898791994899511,0.08005393296480179
QQQ,0.17060227692127228,0.10546564310789108
QQQ,0.005655442830175161,0.10726386308670044
QQQ,0.0031628920696675777,0.13563896715641022
QQQ,0.050679318606853485,0.13920634984970093
QQQ,0.04723713546991348,0.15648546814918518
QQQ,0.035018134862184525,0.16291102766990662
QQQ,0.0034011693205684423,0.1658840924501419
QQQ,0.01191107090562582,0.16598714888095856
QQQ,0.007147049997001886,0.1495557725429535
QQQ,0.08227982372045517,0.14898309111595154
QQQ,0.022365568205714226,0.15181240439414978
QQQ,0.06855808943510056,0.13421639800071716
QQQ,0.0014921268448233604,0.1230541244149208
QQQ,0.002877676859498024,0.11960087716579437
QQQ,0.02480579912662506,0.111652672290802
QQQ,0.01137872040271759,0.11824099719524384
QQQ,8.074850484263152e-05,0.11849629878997803
QQQ,0.010447219014167786,0.11485747992992401
QQQ,0.019839487969875336,0.10585272312164307
QQQ,0.0947752445936203,0.10966583341360092
QQQ,0.0008922154083848,0.09515649080276489
QQQ,0.00018077332060784101,0.08617489039897919
QQQ,9.886026646199753e-07,0.08895164728164673
QQQ,5.58047613594681e-05,0.10280138999223709
QQQ,0.01476139947772026,0.1092488244175911
QQQ,0.0002740527270361781,0.1230589970946312
QQQ,0.0010972521267831326,0.13241080939769745
QQQ,0.09139560908079147,0.1298801302909851
QQQ,0.009213404729962349,0.1256549060344696
QQQ,0.18137146532535553,0.11613880097866058
QQQ,0.011910952627658844,0.10693816840648651
QQQ,0.0003320207470096648,0.09226439893245697
QQQ,0.019336527213454247,0.09063038975000381
QQQ,0.010862600989639759,0.07551389187574387
QQQ,0.0031511615961790085,0.0825386792421341
QQQ,0.11146727949380875,0.08929865807294846
QQQ,0.0015432863729074597,0.09002529084682465
QQQ,0.010172138921916485,0.08473197370767593
QQQ,0.02951723150908947,0.08121732622385025
QQQ,0.0026700287126004696,0.08913707733154297
QQQ,0.003253884380683303,0.0884411633014679
QQQ,0.007349196821451187,0.08003347367048264
QQQ,0.00032269032089971006,0.0822642371058464
QQQ,0.036477796733379364,0.08049380779266357
QQQ,0.08534716069698334,0.07435436546802521
QQQ,0.0012825214071199298,0.07319565117359161
QQQ,0.002832312136888504,0.06621736288070679
QQQ,0.041013725101947784,0.05848701670765877
QQQ,0.006665533408522606,0.05033182352781296
QQQ,0.14565742015838623,0.05272778868675232
QQQ,0.16040603816509247,0.04515823721885681
QQQ,0.0051595051772892475,0.029241088777780533
QQQ,0.008195319212973118,0.0381169356405735
QQQ,0.03324729949235916,0.03935656696557999
QQQ,0.01406802237033844,0.049616314470767975
QQQ,0.00012512686953414232,0.060372963547706604
QQQ,7.197781542345183e-06,0.0651925578713417
QQQ,0.07378153502941132,0.06802687793970108
QQQ,0.038354210555553436,0.07530507445335388
QQQ,0.0036683944053947926,0.08765842765569687
QQQ,0.07075177133083344,0.06745647639036179
QQQ,0.014765665866434574,0.0614117756485939
QQQ,0.013213514350354671,0.06462070345878601
QQQ,0.03535871207714081,0.05923379212617874
QQQ,0.010042229667305946,0.055301107466220856
QQQ,0.000517268490511924,0.0549512654542923
QQQ,0.04744619503617287,0.05389661341905594
QQQ,0.03467293828725815,0.05067715048789978
QQQ,0.025013312697410583,0.06386113166809082
QQQ,0.045900020748376846,0.06384440511465073
QQQ,0.07323867827653885,0.05671864002943039
QQQ,0.0009578680037520826,0.04678035154938698
QQQ,0.0010125753469765186,0.047326914966106415
QQQ,0.059008751064538956,0.05498509481549263
QQQ,0.0013946910621598363,0.05503114312887192
QQQ,1.8675680735213973e-07,0.06318595260381699
QQQ,0.014728497713804245,0.06338200718164444
QQQ,0.0027870323974639177,0.058195821940898895
QQQ,2.7032187063014135e-05,0.06073245033621788
QQQ,0.006121253594756126,0.06396520882844925
QQQ,0.03969714790582657,0.055761005729436874
QQQ,0.0714297816157341,0.06378088146448135
QQQ,1.121030163631076e-05,0.05858902260661125
QQQ,0.021772602573037148,0.052688706666231155
QQQ,0.016727518290281296,0.04880670830607414
QQQ,1.3714800843445119e-05,0.05889685079455376
QQQ,0.13706491887569427,0.06067603826522827
QQQ,0.002273770049214363,0.06210936978459358
QQQ,0.000642089347820729,0.06844255328178406
QQQ,0.011498240754008293,0.07368727773427963
QQQ,0.002797821070998907,0.07282701134681702
QQQ,0.0014356330502778292,0.08115481585264206
QQQ,0.08210854232311249,0.08263439685106277
QQQ,6.848343036836013e-05,0.08691819757223129
QQQ,0.001358951791189611,0.09337067604064941
QQQ,0.12406809628009796,0.08749037981033325
QQQ,0.0006481532473117113,0.08294978737831116
QQQ,0.005549589172005653,0.08833528310060501
QQQ,0.017912939190864563,0.09083929657936096
QQQ,0.01837322488427162,0.08636395633220673
QQQ,0.03080010414123535,0.08170689642429352
QQQ,0.000859204912558198,0.0804428979754448
QQQ,0.01030908152461052,0.07178904116153717
QQQ,0.03138410672545433,0.053869083523750305
QQQ,0.028680553659796715,0.06636250019073486
QQQ,0.028558118268847466,0.06576629728078842
QQQ,0.030398165807127953,0.07511294633150101
QQQ,0.0003972924896515906,0.0686178058385849
QQQ,0.0643734261393547,0.06623207032680511
QQQ,0.0005152833182364702,0.06488023698329926
QQQ,0.06168614700436592,0.06370395421981812
QQQ,0.117655910551548,0.05770758539438248
QQQ,0.015025119297206402,0.05545751005411148
QQQ,0.014170900918543339,0.05248617008328438
QQQ,0.11762575060129166,0.0491185262799263
QQQ,0.0077933454886078835,0.06118151545524597
QQQ,0.002259222324937582,0.06798209995031357
QQQ,0.00028243844280950725,0.06990645080804825
QQQ,0.00040667783468961716,0.0726919025182724
QQQ,0.019723966717720032,0.0775173157453537
QQQ,0.012981502339243889,0.08776519447565079
QQQ,0.0004915960016660392,0.08319082111120224
QQQ,0.034577272832393646,0.07503964006900787
QQQ,0.031330954283475876,0.06981153041124344
QQQ,0.003642431693151593,0.06884071230888367
QQQ,0.016713516786694527,0.06483154743909836
QQQ,0.07517097890377045,0.061208777129650116
QQQ,0.0002736599126365036,0.06491270661354065
QQQ,0.0011472376063466072,0.06971629709005356
QQQ,0.05309456214308739,0.06947467476129532
QQQ,0.08619510382413864,0.07714910805225372
QQQ,4.9163818403030746e-06,0.0883837640285492
QQQ,0.005658349487930536,0.08448809385299683
QQQ,0.05768907070159912,0.0800224244594574
QQQ,0.0013806680217385292,0.08813949674367905
QQQ,0.017487002536654472,0.09577538818120956
QQQ,0.00013288264744915068,0.07847000658512115
QQQ,0.01740633323788643,0.0826437771320343
QQQ,0.07899963110685349,0.0818525105714798
QQQ,0.04604363441467285,0.08083269000053406
QQQ,0.0021945368498563766,0.06838387995958328
QQQ,0.0695798471570015,0.059010159224271774
QQQ,0.0065218545496463776,0.054143600165843964
QQQ,0.00768555561080575,0.05115106329321861
QQQ,0.01273968257009983,0.05486942455172539
QQQ,0.0030538374558091164,0.06624714285135269
QQQ,0.040322717279195786,0.07820386439561844
QQQ,0.03185271471738815,0.08111047744750977
QQQ,0.002712395042181015,0.08791866898536682
QQQ,0.04393971338868141,0.07993222773075104
QQQ,0.022270487621426582,0.08039562404155731
QQQ,0.056929897516965866,0.07619006931781769
QQQ,0.0022877587471157312,0.06919633597135544
QQQ,0.023617325350642204,0.0708673968911171
QQQ,0.15474088490009308,0.06767531484365463
QQQ,0.09339533746242523,0.06763973832130432
QQQ,0.005781406071037054,0.07469828426837921
QQQ,0.031623002141714096,0.07298930734395981
QQQ,0.005735933315008879,0.06957101076841354
QQQ,0.07462114840745926,0.08392205834388733
QQQ,0.08156216144561768,0.07947786152362823
QQQ,0.034379784017801285,0.10399892181158066
QQQ,0.004176657646894455,0.10248024761676788
QQQ,0.022306393831968307,0.09275341033935547
QQQ,0.00010440139885758981,0.07550215721130371
QQQ,0.015040427446365356,0.07595078647136688
QQQ,0.12457066774368286,0.06472749263048172
QQQ,0.002458656672388315,0.06167026609182358
QQQ,0.11430950462818146,0.05188056454062462
QQQ,0.00014267527149058878,0.0429682582616806
QQQ,0.00018432267825119197,0.04421829804778099
QQQ,1.370103836961789e-05,0.04822196811437607
QQQ,0.03690410405397415,0.04527372121810913
QQQ,0.008555152453482151,0.05005774646997452
QQQ,0.004204824101179838,0.04998984932899475
QQQ,0.000501778966281563,0.03509556129574776
QQQ,0.00019214756321161985,0.025527190417051315
QQQ,0.0017264182679355145,0.03441144898533821
QQQ,0.00023926854191813618,0.03536655753850937
QQQ,0.001596763264387846,0.024428840726614
QQQ,0.0020481047686189413,0.02405714802443981
QQQ,0.021921619772911072,0.024003151804208755
QQQ,0.0015846373280510306,0.029393363744020462
QQQ,0.008479062467813492,0.03137052431702614
QQQ,0.04851800575852394,0.030250083655118942
QQQ,0.004982592072337866,0.03377514332532883
QQQ,0.018232813104987144,0.04368102550506592
QQQ,0.015857800841331482,0.03709522262215614
QQQ,0.040243566036224365,0.04003980755805969
QQQ,0.000189587299246341,0.045452069491147995
QQQ,0.005860348232090473,0.049503572285175323
QQQ,0.009935073554515839,0.04924117028713226
QQQ,0.0065459273755550385,0.05681200325489044
QQQ,0.0564829483628273,0.06584043800830841
QQQ,0.03372282534837723,0.059358708560466766
QQQ,0.0005631588282994926,0.061817459762096405
QQQ,0.009386750869452953,0.05942665785551071
QQQ,0.001042160321958363,0.0586249902844429
QQQ,5.957809844403528e-05,0.06235497072339058
QQQ,0.00474026333540678,0.06375046819448471
QQQ,0.07340456545352936,0.058941785246133804
QQQ,0.028516579419374466,0.051355812698602676
QQQ,0.006709282752126455,0.05181485041975975
QQQ,0.0003541281330399215,0.04026767611503601
QQQ,0.10546189546585083,0.03782685473561287
QQQ,0.0009813871001824737,0.03503008559346199
QQQ,0.011498186737298965,0.0431799553334713
QQQ,0.001088819932192564,0.04293815419077873
QQQ,6.627623952226713e-05,0.042997896671295166
QQQ,2.4048199520620983e-06,0.0479544959962368
QQQ,0.008063413202762604,0.045711904764175415
QQQ,0.05005939304828644,0.05488405004143715
QQQ,0.09717331826686859,0.05377277731895447
QQQ,0.00042916054371744394,0.0596703477203846
QQQ,0.0043213702738285065,0.05050680786371231
QQQ,0.0077173709869384766,0.03921975940465927
QQQ,0.0003753224154934287,0.04984048753976822
QQQ,0.008998122066259384,0.0544901043176651
QQQ,0.026158472523093224,0.059769757091999054
QQQ,0.01124072540551424,0.06308267265558243
QQQ,0.09859930723905563,0.05730753764510155
QQQ,0.03453501686453819,0.0524047315120697
QQQ,0.07078124582767487,0.045678384602069855
QQQ,0.0004298569983802736,0.039458129554986954
QQQ,0.0010174545459449291,0.03671124204993248
QQQ,0.02641136758029461,0.042982522398233414
QQQ,0.000862747197970748,0.05055558308959007
QQQ,0.024177324026823044,0.06709837913513184
QQQ,0.003872951027005911,0.06428547203540802
QQQ,0.06227369233965874,0.06372517347335815
QQQ,0.02960219606757164,0.051147375255823135
QQQ,0.002227848395705223,0.04821360483765602
QQQ,0.02090970240533352,0.036959562450647354
QQQ,0.014466928318142891,0.03324572369456291
QQQ,0.004051547963172197,0.0333121158182621
QQQ,0.20982138812541962,0.02693864330649376
QQQ,0.0021915233228355646,0.026816856116056442
QQQ,6.993345596129075e-05,0.033124007284641266
QQQ,0.001454371609725058,0.031903915107250214
QQQ,0.0071824342012405396,0.02464168705046177
QQQ,0.01834777370095253,0.03735414147377014
QQQ,0.05628354847431183,0.03901053965091705
QQQ,0.0032200992573052645,0.036925382912158966
QQQ,0.08267302811145782,0.03544916212558746
QQQ,0.009888261556625366,0.028140097856521606
QQQ,0.057185858488082886,0.02194986492395401
QQQ,0.05327744036912918,0.022737666964530945
QQQ,0.003486515721306205,0.030645687133073807
QQQ,0.05105152353644371,0.030164610594511032
QQQ,0.015002808533608913,0.014240607619285583
QQQ,0.0016058286419138312,0.02386709302663803
QQQ,0.036034755408763885,0.014119738712906837
QQQ,0.022706013172864914,0.014694989658892155
QQQ,0.0015604619402438402,0.025812190026044846
QQQ,0.035010818392038345,0.03419003635644913
QQQ,0.0056163715198636055,0.03973377123475075
QQQ,0.0003294015768915415,0.051418788731098175
QQQ,0.0033313820604234934,0.047031939029693604
QQQ,0.0026500695385038853,0.050062671303749084
QQQ,0.002913663862273097,0.0451524443924427
QQQ,0.0008579174755141139,0.05341146141290665
QQQ,0.0011270499089732766,0.05161698907613754
QQQ,0.01893187314271927,0.04575842246413231
QQQ,0.0012663431698456407,0.03704327344894409
QQQ,0.05983217805624008,0.04737868905067444
QQQ,0.03458532691001892,0.03359903767704964
QQQ,2.1928239220869727e-05,0.048016853630542755
QQQ,0.003436411963775754,0.04567945748567581
QQQ,0.01936810091137886,0.04687489941716194
QQQ,0.06324423849582672,0.062083665281534195
QQQ,0.06507939100265503,0.07519205659627914
QQQ,0.06933978199958801,0.08327098935842514
QQQ,2.174811015720479e-06,0.0746423527598381
QQQ,0.037979625165462494,0.07121273130178452
QQQ,0.00825259555131197,0.068246029317379
QQQ,0.11014015227556229,0.0771242007613182
QQQ,0.02523203007876873,0.08689004927873611
QQQ,0.05529218167066574,0.09323281049728394
QQQ,0.0028822338208556175,0.09267038851976395
QQQ,0.005907014012336731,0.08946648240089417
QQQ,0.05909670889377594,0.0915989950299263
QQQ,0.004137716721743345,0.08768977224826813
QQQ,0.09131810814142227,0.09457917511463165
QQQ,0.013270784169435501,0.08479828387498856
QQQ,0.04053415358066559,0.07888616621494293
QQQ,0.09978435188531876,0.0686616450548172
QQQ,0.02990671619772911,0.06989577412605286
QQQ,6.376345027092611e-06,0.07052571326494217
QQQ,8.79339495440945e-05,0.06745998561382294
QQQ,0.0011966224992647767,0.061349056661129
QQQ,0.0013981882948428392,0.06349262595176697
QQQ,0.0013385358033701777,0.059903644025325775
QQQ,0.010359234176576138,0.06244847923517227
QQQ,0.06061674654483795,0.05892983078956604
QQQ,0.0010420329635962844,0.05294834449887276
QQQ,5.9739530115621164e-05,0.04353446885943413
QQQ,0.01216734666377306,0.0419609397649765
QQQ,0.000962696154601872,0.0461340993642807
QQQ,9.81973971647676e-06,0.058204151690006256
QQQ,0.005122780334204435,0.049637481570243835
QQQ,0.022323351353406906,0.0376087948679924
QQQ,0.003582661971449852,0.047669995576143265
QQQ,0.012607854790985584,0.05389805883169174
QQQ,0.029236122965812683,0.054810501635074615
QQQ,0.0008736799354664981,0.05546875298023224
QQQ,0.007225995883345604,0.05977599322795868
QQQ,0.0018820639234036207,0.05831301957368851
QQQ,0.10038894414901733,0.05899437144398689
QQQ,3.001318509632256e-05,0.0630953311920166
QQQ,0.0001974996703211218,0.07099367678165436
QQQ,0.0040948521345853806,0.07105951011180878
QQQ,0.011787635274231434,0.08350390195846558
QQQ,0.04267089441418648,0.07862430065870285
QQQ,0.007363550830632448,0.06952200084924698
QQQ,0.006730325985699892,0.07095004618167877
QQQ,0.037356410175561905,0.06250438094139099
QQQ,2.4083185053314082e-05,0.06638137996196747
QQQ,0.01508837565779686,0.06733835488557816
QQQ,0.0018138252198696136,0.07386621087789536
QQQ,0.033037446439266205,0.07393316179513931
QQQ,0.03258146345615387,0.06816957890987396
QQQ,0.0010725491447374225,0.07336295396089554
QQQ,0.0016748522175475955,0.06021279841661453
QQQ,0.0068257455714046955,0.056213606148958206
QQQ,0.008617796003818512,0.053232841193675995
QQQ,0.027492472901940346,0.05481758341193199
QQQ,0.017371147871017456,0.05190694332122803
QQQ,0.0271141417324543,0.052547160536050797
QQQ,0.0014219664735719562,0.05584614351391792
QQQ,0.00018820662808138877,0.049399230629205704
QQQ,0.02711220644414425,0.04826262593269348
QQQ,0.12390594929456711,0.05004647374153137
QQQ,0.008646457456052303,0.04745287820696831
QQQ,0.001815568539313972,0.03945774957537651
QQQ,3.695266059366986e-05,0.03005358576774597
QQQ,0.22370228171348572,0.03246990591287613
QQQ,0.005670737940818071,0.04362855106592178
QQQ,0.01997421495616436,0.056777797639369965
QQQ,0.055107053369283676,0.05444596707820892
QQQ,0.003141780849546194,0.05657805874943733
QQQ,0.3362700343132019,0.06485771387815475
QQQ,0.030986690893769264,0.047406475991010666
QQQ,0.02623700350522995,0.05359462648630142
QQQ,0.0010148802539333701,0.06209591031074524
QQQ,0.04817583039402962,0.061026155948638916
QQQ,0.21433795988559723,0.07023786008358002
QQQ,0.15150439739227295,0.07554440945386887
QQQ,0.14540758728981018,0.08594951033592224
QQQ,0.23089465498924255,0.07276332378387451
QQQ,0.022789141163229942,0.07053712010383606
QQQ,0.02987891249358654,0.08144934475421906
QQQ,0.22880682349205017,0.09199520945549011
QQQ,0.006837235298007727,0.11756736785173416
QQQ,0.0011660588206723332,0.13793601095676422
QQQ,0.15138617157936096,0.1636125147342682
QQQ,2.6494264602661133e-05,0.19638992846012115
QQQ,0.15686237812042236,0.1775800883769989
QQQ,0.0004160050302743912,0.1658633053302765
QQQ,0.04292043298482895,0.15940319001674652
QQQ,0.0011122421128675342,0.13582736253738403
QQQ,0.005456394981592894,0.11597609519958496
QQQ,0.0643654391169548,0.10513615608215332
QQQ,0.029322508722543716,0.10469783842563629
QQQ,0.023983728140592575,0.10409901291131973
QQQ,0.0022421677131205797,0.09908884018659592
QQQ,0.03282070532441139,0.077172189950943
QQQ,0.000540724431630224,0.08081718534231186
QQQ,0.03537962958216667,0.09409940242767334
QQQ,0.2395455241203308,0.10567338019609451
QQQ,0.0017059261444956064,0.11521042883396149
QQQ,0.00021946711058262736,0.0933978259563446
QQQ,0.18579214811325073,0.08800104260444641
QQQ,0.04114391654729843,0.10421189665794373
QQQ,0.021326342597603798,0.1051686555147171
QQQ,0.1163022592663765,0.1271606683731079
QQQ,0.024045435711741447,0.1368129700422287
QQQ,0.005035092122852802,0.10306139290332794
QQQ,0.0049403696320950985,0.10784877836704254
QQQ,7.029108382994309e-05,0.10162118822336197
QQQ,0.0047443825751543045,0.12050390243530273
QQQ,0.15712104737758636,0.12936241924762726
QQQ,0.000914513599127531,0.13939186930656433
QQQ,0.0017657940043136477,0.12178786844015121
QQQ,0.005834831390529871,0.11818899214267731
QQQ,0.00021646535606123507,0.11430303752422333
QQQ,0.014118196442723274,0.11126035451889038
QQQ,0.00782538391649723,0.10376681387424469
QQQ,0.001848151907324791,0.10327401012182236
QQQ,0.049605634063482285,0.09793078899383545
QQQ,0.000502363545820117,0.10428287088871002
QQQ,0.00014072711928747594,0.1049019992351532
QQQ,0.03525453805923462,0.11009655892848969
QQQ,0.029227154329419136,0.1179322674870491
QQQ,0.05537804961204529,0.10155395418405533
QQQ,0.015479977242648602,0.10793127119541168
QQQ,0.00032531601027585566,0.11261747777462006
QQQ,0.0006147948442958295,0.09374380856752396
QQQ,0.017597390338778496,0.10128509998321533
QQQ,0.045634716749191284,0.11084222793579102
QQQ,3.762766255022143e-06,0.1159663200378418
QQQ,0.00012081563181709498,0.1016443744301796
QQQ,0.01075632032006979,0.08473093807697296
QQQ,0.000928414985537529,0.0784514918923378
QQQ,0.0002990681095980108,0.07584409415721893
QQQ,0.06009479984641075,0.07420235127210617
QQQ,0.01643635705113411,0.07786053419113159
QQQ,0.009300636127591133,0.0717964768409729
QQQ,6.5739668571040966e-06,0.0596233606338501
QQQ,0.023043181747198105,0.04543193429708481
QQQ,0.014502872712910175,0.05111755058169365
QQQ,0.16472376883029938,0.05577901005744934
QQQ,0.013694394379854202,0.05789973959326744
QQQ,0.0021448659244924784,0.052815698087215424
QQQ,0.040493279695510864,0.052277371287345886
QQQ,0.18100714683532715,0.04419134929776192
QQQ,0.06149601191282272,0.05518891662359238
QQQ,0.0003436481347307563,0.05317451432347298
QQQ,8.580025314586237e-05,0.05396870896220207
QQQ,0.0008271739934571087,0.046182356774806976
QQQ,0.00041775585850700736,0.054122455418109894
QQQ,0.012256279587745667,0.05646606534719467
QQQ,0.1465388685464859,0.05654004588723183
QQQ,0.012080137617886066,0.06125506013631821
QQQ,0.011845654807984829,0.04701986908912659
QQQ,8.364808309124783e-05,0.03092551976442337
QQQ,0.0032489621080458164,0.022029738873243332
QQQ,0.0006474077235907316,0.029342181980609894
QQQ,0.0006293741171248257,0.03242398053407669
QQQ,0.007226343732327223,0.03509349375963211
QQQ,0.01574575901031494,0.03870910406112671
QQQ,0.019287118688225746,0.04737024009227753
QQQ,0.029551684856414795,0.044887956231832504
QQQ,0.0023617788683623075,0.03485233336687088
QQQ,0.03804590925574303,0.03554424270987511
QQQ,0.001940607326105237,0.03676331043243408
QQQ,0.020004982128739357,0.03519980609416962
QQQ,0.015402819961309433,0.040269169956445694
QQQ,0.002935719210654497,0.039268624037504196
QQQ,0.07934287190437317,0.04090435802936554
QQQ,0.010564463213086128,0.03996831923723221
QQQ,0.01465167198330164,0.04710880666971207
QQQ,0.0515177845954895,0.04332480579614639
QQQ,0.004908949136734009,0.04034145921468735
QQQ,0.3402235507965088,0.04005726799368858
QQQ,0.0050202542915940285,0.03881176561117172
QQQ,0.019049957394599915,0.034362807869911194
QQQ,0.02368900366127491,0.05977189913392067
QQQ,0.04571495205163956,0.07329437136650085
QQQ,0.00011639912554528564,0.09705394506454468
QQQ,0.04512830823659897,0.09680745005607605
QQQ,0.045176196843385696,0.10126008838415146
QQQ,0.018340440467000008,0.10234910249710083
AAPL,0.09156601130962372,0.09039594233036041
AAPL,0.07993783801794052,0.10242006182670593
AAPL,0.012121450155973434,0.09538257122039795
AAPL,0.0015162939671427011,0.0756312757730484
AAPL,0.08748496323823929,0.08156298100948334
AAPL,0.004517332650721073,0.07695332169532776
AAPL,0.048043522983789444,0.07341952621936798
AAPL,0.027698855847120285,0.06821806728839874
AAPL,0.014459828846156597,0.07884018123149872
AAPL,0.18428675830364227,0.09200185537338257
AAPL,0.0021071666851639748,0.0974673181772232
AAPL,0.0027196938171982765,0.11348438262939453
AAPL,0.0831909254193306,0.10791587829589844
AAPL,0.017001647502183914,0.12243957817554474
AAPL,0.0030062138102948666,0.12413269281387329
AAPL,0.05188003554940224,0.1201673150062561
AAPL,0.004278489388525486,0.11540751159191132
AAPL,0.2997462749481201,0.1172933280467987
AAPL,0.08503464609384537,0.11603847146034241
AAPL,0.05373510718345642,0.13018058240413666
AAPL,0.017537027597427368,0.1375569999217987
AAPL,0.05690279230475426,0.13959665596485138
AAPL,0.04922321438789368,0.14663857221603394
AAPL,0.043768659234046936,0.13368599116802216
AAPL,0.04932734742760658,0.11453697085380554
AAPL,0.0017271185060963035,0.09814697504043579
AAPL,0.08644771575927734,0.08479273319244385
AAPL,0.007537122815847397,0.07782502472400665
AAPL,0.05949344113469124,0.08262799680233002
AAPL,0.035526812076568604,0.0762864202260971
AAPL,0.021076198667287827,0.07765144109725952
AAPL,0.012156378477811813,0.07859545946121216
AAPL,0.017240313813090324,0.07933297753334045
AAPL,0.03855693340301514,0.08861243724822998
AAPL,0.0040087769739329815,0.07813969254493713
AAPL,0.09678453952074051,0.08393386006355286
AAPL,0.024406280368566513,0.08704414963722229
AAPL,0.06072293221950531,0.07083556056022644
AAPL,0.014833973720669746,0.08085566759109497
AAPL,0.002670218935236335,0.09273962676525116
AAPL,0.032488130033016205,0.10863809287548065
AAPL,0.007569975219666958,0.11779417097568512
AAPL,0.06533177196979523,0.1176498532295227
AAPL,0.014632784761488438,0.11712311208248138
AAPL,0.004796123132109642,0.1228943020105362
AAPL,0.2833957374095917,0.13241803646087646
AAPL,0.00112838891800493,0.1301625370979309
AAPL,3.6879730487271445e-06,0.12472665309906006
AAPL,0.014085747301578522,0.12322790920734406
AAPL,0.012152341194450855,0.12318083643913269
AAPL,0.00866328552365303,0.11861628293991089
AAPL,0.02434694580733776,0.10451412200927734
AAPL,0.0008875836501829326,0.10649697482585907
AAPL,0.022648951038718224,0.10084246098995209
AAPL,9.3844943194199e-07,0.08727794885635376
AAPL,0.1975613832473755,0.08267605304718018
AAPL,0.014223306439816952,0.07769469916820526
AAPL,7.08690713508986e-05,0.07787179946899414
AAPL,0.009720554575324059,0.08054673671722412
AAPL,0.010609245859086514,0.07142521440982819
AAPL,0.025012517347931862,0.07597284018993378
AAPL,0.5299683213233948,0.07739143073558807
AAPL,4.09882704843767e-05,0.07352732121944427
AAPL,0.025306928902864456,0.07207381725311279
AAPL,0.027082715183496475,0.06187320128083229
AAPL,0.000301733409287408,0.05899878218770027
AAPL,0.007436653599143028,0.06805700063705444
AAPL,0.002121502999216318,0.08158460259437561
AAPL,0.0,0.10110320150852203
AAPL,0.0032600215636193752,0.09598784148693085
AAPL,0.046427901834249496,0.10488507151603699
AAPL,9.941017924575135e-05,0.09449540078639984
AAPL,0.007610872853547335,0.08373722434043884
AAPL,0.05876796320080757,0.1006775051355362
AAPL,0.000670276174787432,0.08474215865135193
AAPL,0.011210997588932514,0.0814494788646698
AAPL,0.04943652078509331,0.0722627192735672
AAPL,0.028331341221928596,0.06593359261751175
AAPL,2.006547583732754e-05,0.07694795727729797
AAPL,0.06367391347885132,0.07458311319351196
AAPL,0.005718602333217859,0.07837298512458801
AAPL,0.014554043300449848,0.07560157775878906
AAPL,0.0010721447179093957,0.06943756341934204
AAPL,0.01527844462543726,0.07584509253501892
AAPL,0.05935187265276909,0.07266180217266083
AAPL,0.0011729460675269365,0.05991010367870331
AAPL,0.06068156659603119,0.07549348473548889
AAPL,0.0017233138205483556,0.08240164816379547
AAPL,0.0030609043315052986,0.08900131285190582
AAPL,0.03125428780913353,0.1062738299369812
AAPL,0.00870435405522585,0.11571033298969269
AAPL,5.96284335188102e-05,0.11003941297531128
AAPL,0.00816331710666418,0.1058308482170105
AAPL,0.06769892573356628,0.09651228785514832
AAPL,0.0007393714040517807,0.09550267457962036
AAPL,0.01448448933660984,0.08982788026332855
AAPL,0.05629848688840866,0.09152001142501831
AAPL,0.01002607773989439,0.08269485831260681
AAPL,0.0008119691046886146,0.07869510352611542
AAPL,0.131456658244133,0.083835169672966
AAPL,0.01539098471403122,0.08235889673233032
AAPL,0.008738933131098747,0.07932159304618835
AAPL,0.0015821445267647505,0.07668238878250122
AAPL,0.008797956630587578,0.08629150688648224
AAPL,0.030023911967873573,0.08226577937602997
AAPL,0.001995366532355547,0.0960657149553299
AAPL,0.02016490325331688,0.09920535981655121
AAPL,0.004132227506488562,0.09236152470111847
AAPL,0.00015606824308633804,0.0783327966928482
AAPL,0.07418347895145416,0.0805797427892685
AAPL,0.00045324224629439414,0.07755522429943085
AAPL,0.012513411231338978,0.08070756494998932
AAPL,0.02595549076795578,0.08286362886428833
AAPL,0.009626553393900394,0.07691709697246552
AAPL,0.004468954633921385,0.0723758339881897
AAPL,0.0051106675527989864,0.07741841673851013
AAPL,0.005182459019124508,0.08454622328281403
AAPL,0.010986371897161007,0.08055390417575836
AAPL,0.04536570608615875,0.08232013881206512
AAPL,0.002518412657082081,0.08559025824069977
AAPL,0.004627313930541277,0.07680021226406097
AAPL,0.06141522526741028,0.07647188007831573
AAPL,0.013608300127089024,0.07447896897792816
AAPL,0.6102830171585083,0.06288577616214752
AAPL,0.07633073627948761,0.06142699345946312
AAPL,0.007071627303957939,0.05432632938027382
AAPL,0.020387612283229828,0.05398314446210861
AAPL,0.00038462807424366474,0.07245369255542755
AAPL,2.8724420189973898e-05,0.07930183410644531
AAPL,0.02202669344842434,0.08022405207157135
AAPL,0.0319698341190815,0.09768311679363251
AAPL,0.00622852286323905,0.09167976677417755
AAPL,0.05417343229055405,0.07708682119846344
AAPL,0.00199303706176579,0.06836456060409546
AAPL,0.01496736891567707,0.053965676575899124
AAPL,0.015623681247234344,0.049316298216581345
AAPL,0.11878979951143265,0.056363027542829514
AAPL,0.1772206425666809,0.0567035935819149
AAPL,0.039778925478458405,0.05287707969546318
AAPL,0.019546329975128174,0.060396090149879456
AAPL,0.11730997264385223,0.05486179143190384
AAPL,0.0908849686384201,0.06491268426179886
AAPL,0.0003459328436292708,0.07145175337791443
AAPL,0.017898397520184517,0.07855649292469025
AAPL,0.000403911923058331,0.07526832818984985
AAPL,0.3347984254360199,0.09223781526088715
AAPL,0.22207430005073547,0.10432736575603485
AAPL,0.0030615630093961954,0.1001335084438324
AAPL,0.01097959466278553,0.09423249959945679
AAPL,0.07461941242218018,0.09419697523117065
AAPL,0.03583956137299538,0.09540323913097382
AAPL,0.01926826871931553,0.0853370726108551
AAPL,0.004366735927760601,0.08590412139892578
AAPL,0.07088811695575714,0.08672593533992767
AAPL,0.00956787820905447,0.07830464839935303
AAPL,0.10277186334133148,0.08889557421207428
AAPL,0.020092306658625603,0.08136506378650665
AAPL,0.006130678579211235,0.07525940239429474
AAPL,0.013625399209558964,0.0692090094089508
AAPL,0.141264870762825,0.07897283136844635
AAPL,0.020128564909100533,0.08562642335891724
AAPL,0.0005856255884282291,0.08437861502170563
AAPL,0.0023316903971135616,0.07180450856685638
AAPL,0.054652851074934006,0.07322178781032562
AAPL,0.01533384807407856,0.07391640543937683
AAPL,0.01336372084915638,0.07511858642101288
AAPL,0.012962798587977886,0.06827229261398315
AAPL,0.054030824452638626,0.06967608630657196
AAPL,0.017848320305347443,0.07368986308574677
AAPL,0.0028414546977728605,0.07461078464984894
AAPL,0.015620081685483456,0.08290791511535645
AAPL,0.006423103157430887,0.08168350160121918
AAPL,0.026974357664585114,0.08440063893795013
AAPL,0.00013332456001080573,0.0882256031036377
AAPL,0.019618866965174675,0.08248569071292877
AAPL,0.013883442617952824,0.08125652372837067
AAPL,0.0011792810400947928,0.07931950688362122
AAPL,0.05529768019914627,0.08113722503185272
AAPL,0.00012123534543206915,0.08562754094600677
AAPL,0.001626238925382495,0.0842537134885788
AAPL,0.046497587114572525,0.08268533647060394
AAPL,0.15641085803508759,0.085111603140831
AAPL,0.015878330916166306,0.09001418948173523
AAPL,0.03769393265247345,0.08995284140110016
AAPL,0.0019967814441770315,0.10078997910022736
AAPL,0.08685469627380371,0.10264354944229126
AAPL,0.10571921616792679,0.10051341354846954
AAPL,0.006800228729844093,0.10452945530414581
AAPL,0.05298052728176117,0.09749829769134521
AAPL,0.05187250301241875,0.09474875032901764
AAPL,0.008675958961248398,0.0846385657787323
AAPL,0.0017402389785274863,0.0881228893995285
AAPL,0.13278065621852875,0.0800648182630539
AAPL,0.01872686669230461,0.07469573616981506
AAPL,0.05070304870605469,0.07280528545379639
AAPL,0.0023232554085552692,0.0780368447303772
AAPL,0.020418811589479446,0.07235774397850037
AAPL,2.8095194011257263e-06,0.0569620206952095
AAPL,0.021494152024388313,0.05358648672699928
AAPL,0.004529851023107767,0.05872027203440666
AAPL,0.0031015933491289616,0.06522288918495178
AAPL,0.01244980189949274,0.06577934324741364
AAPL,0.00022651806648354977,0.06340479850769043
AAPL,0.0025948267430067062,0.07168267667293549
AAPL,0.007414615713059902,0.07556372880935669
AAPL,0.0023566531017422676,0.07204800844192505
AAPL,0.01154432725161314,0.0598018653690815
AAPL,0.02278967760503292,0.06425522267818451
AAPL,0.10949163883924484,0.07175229489803314
AAPL,0.008196678943932056,0.07628953456878662
AAPL,0.025647025555372238,0.07570379972457886
AAPL,0.013743567280471325,0.07757654786109924
AAPL,0.042663730680942535,0.0795406848192215
AAPL,0.015682807192206383,0.07098022103309631
AAPL,0.06905441731214523,0.07602491974830627
AAPL,0.00014459568774327636,0.07137055695056915
AAPL,0.0018773791380226612,0.07218959927558899
AAPL,0.018376966938376427,0.07346555590629578
AAPL,0.007201308384537697,0.07571440935134888
AAPL,0.02923993580043316,0.07462571561336517
AAPL,0.00014947642921470106,0.07726821303367615
AAPL,0.007798513863235712,0.0753636509180069
AAPL,0.0020398132037371397,0.08077317476272583
AAPL,6.755677168257535e-05,0.08100360631942749
AAPL,0.0012463571038097143,0.08655019104480743
AAPL,0.007454160135239363,0.08679693937301636
AAPL,0.3346761167049408,0.09039106965065002
AAPL,0.014234584756195545,0.0940009355545044
AAPL,0.04116835072636604,0.09237654507160187
AAPL,0.004074403550475836,0.08224646747112274
AAPL,0.14378973841667175,0.08668290078639984
AAPL,0.0012939369771629572,0.0788542628288269
AAPL,0.00806007906794548,0.07733434438705444
AAPL,0.0026255822740495205,0.07987479865550995
AAPL,0.0007954929023981094,0.07691580057144165
AAPL,0.03870776668190956,0.06380463391542435
AAPL,0.006779868621379137,0.07317483425140381
AAPL,0.2588799297809601,0.08089055120944977
AAPL,0.0598701536655426,0.07085742056369781
AAPL,0.03683296591043472,0.060926228761672974
AAPL,0.011081436648964882,0.057900093495845795
AAPL,0.003069511614739895,0.06188475713133812
AAPL,0.0007265966851264238,0.06525278836488724
AAPL,0.020656010136008263,0.07584987580776215
AAPL,0.003252098336815834,0.0959818959236145
AAPL,0.09516892582178116,0.10123744606971741
AAPL,0.09629099816083908,0.08905012905597687
AAPL,0.044258590787649155,0.0692141205072403
AAPL,0.007401901762932539,0.06751124560832977
AAPL,0.024193983525037766,0.06074622645974159
AAPL,0.01861518807709217,0.05776014178991318
AAPL,8.498757233610377e-05,0.06532782316207886
AAPL,0.008393526077270508,0.08435878157615662
AAPL,0.0042067477479577065,0.08563695847988129
AAPL,0.020606210455298424,0.09386534988880157
AAPL,0.03239670768380165,0.09951524436473846
AAPL,0.005858352407813072,0.10023654997348785
AAPL,0.0006259005167521536,0.09818476438522339
AAPL,0.018061185255646706,0.08690966665744781
AAPL,0.004283171612769365,0.08743755519390106
AAPL,0.004397925920784473,0.09257668256759644
AAPL,0.03150422126054764,0.08327449858188629
AAPL,0.025629229843616486,0.100272536277771
AAPL,0.014096303842961788,0.10324157774448395
AAPL,0.016458742320537567,0.10768474638462067
AAPL,0.011135553941130638,0.10291719436645508
AAPL,0.003449728712439537,0.10351186990737915
AAPL,0.00921960361301899,0.10621416568756104
AAPL,0.16655994951725006,0.11791297793388367
AAPL,0.2097911685705185,0.12281139194965363
AAPL,0.008758841082453728,0.1134055107831955
AAPL,0.00012698964565061033,0.11647352576255798
AAPL,0.0261395163834095,0.127085879445076
AAPL,0.03486289829015732,0.12411069869995117
AAPL,0.0019404420163482428,0.10985922813415527
AAPL,0.037487953901290894,0.10712724924087524
AAPL,0.02976447343826294,0.10497623682022095
AAPL,0.0012184777297079563,0.08550158143043518
AAPL,0.010168561711907387,0.07518568634986877
AAPL,0.045883066952228546,0.07919321954250336
AAPL,0.053731344640254974,0.06386642158031464
AAPL,0.4385281205177307,0.05751126632094383
AAPL,0.007068859878927469,0.06700889766216278
AAPL,0.01750817708671093,0.07477200031280518
AAPL,0.011294360272586346,0.08308425545692444
AAPL,0.11103405803442001,0.09160666167736053
AAPL,0.028396351262927055,0.10099098086357117
AAPL,0.018172256648540497,0.0969562977552414
AAPL,0.012430157512426376,0.08494719862937927
AAPL,0.0057721915654838085,0.0781795084476471
AAPL,0.006061316002160311,0.07975858449935913
AAPL,0.005084117874503136,0.08531811833381653
AAPL,0.011264688335359097,0.08021458983421326
AAPL,0.013123308308422565,0.0775933563709259
AAPL,0.03162040933966637,0.06665655970573425
AAPL,0.4521964192390442,0.07324451208114624
AAPL,0.01859341748058796,0.07719245553016663
AAPL,0.1231468915939331,0.07617825269699097
AAPL,0.094386525452137,0.06223214045166969
AAPL,0.016865119338035583,0.07965625822544098
AAPL,0.008275903761386871,0.09281907975673676
AAPL,0.03805040940642357,0.09727425873279572
AAPL,0.006498189643025398,0.11044883728027344
AAPL,0.010229970328509808,0.12308260798454285
AAPL,0.04014843329787254,0.12769551575183868
AAPL,0.006642488297075033,0.13095666468143463
AAPL,0.0030496574472635984,0.1071159690618515
AAPL,0.15132780373096466,0.09358818829059601
AAPL,0.08568642288446426,0.090997114777565
AAPL,0.009271054528653622,0.10342660546302795
AAPL,0.11968061327934265,0.0980779230594635
AAPL,0.8505185842514038,0.09751148521900177
AAPL,0.02109103463590145,0.10157100856304169
AAPL,0.0036199213936924934,0.10868188738822937
AAPL,0.0008740592165850103,0.08455337584018707
AAPL,0.025020623579621315,0.09395153820514679
AAPL,0.012046609073877335,0.1209406852722168
AAPL,0.0771004930138588,0.14049957692623138
AAPL,0.009545261971652508,0.14992131292819977
AAPL,0.03716398775577545,0.15289247035980225
AAPL,0.00010068212577607483,0.08317489922046661
AAPL,6.2973476815386675e-06,0.09292036294937134
AAPL,0.009510560892522335,0.08677425980567932
AAPL,0.0117686428129673,0.06512202322483063
AAPL,0.014429587870836258,0.054982174187898636
AAPL,0.11414679884910583,0.06181459501385689
AAPL,0.06820938736200333,0.06921794265508652
AAPL,7.008994771240395e-07,0.06084982678294182
AAPL,0.0006272046593949199,0.055354367941617966
AAPL,0.006923128850758076,0.06136397272348404
AAPL,0.00631509767845273,0.07740592956542969
AAPL,0.021404270082712173,0.08414460718631744
AAPL,0.0006843392038717866,0.09970824420452118
AAPL,0.015294661745429039,0.10111889243125916
AAPL,0.012781687080860138,0.09093470871448517
AAPL,0.03822382166981697,0.08332958817481995
AAPL,0.09419313073158264,0.08679023385047913
AAPL,1.239436149597168,0.0785292237997055
AAPL,0.20008181035518646,0.08449523150920868
AAPL,0.007556860335171223,0.08983607590198517
AAPL,0.016951942816376686,0.06098778918385506
AAPL,0.09563253074884415,0.0697522759437561
AAPL,0.03074355237185955,0.09334126114845276
AAPL,0.11918844282627106,0.11227908730506897
AAPL,0.0277786273509264,0.14657464623451233
AAPL,0.002465259050950408,0.15271058678627014
AAPL,0.005008780863136053,0.1485675871372223
AAPL,0.098753422498703,0.17477315664291382
AAPL,0.003987760283052921,0.20053499937057495
AAPL,0.06767656654119492,0.21063512563705444
AAPL,0.20741413533687592,0.19084766507148743
AAPL,0.0653967335820198,0.18154659867286682
AAPL,0.008460494689643383,0.1748514622449875
AAPL,0.11529769003391266,0.17356538772583008
AAPL,0.010705173015594482,0.1651337444782257
AAPL,0.003577230032533407,0.14480313658714294
AAPL,0.08745327591896057,0.13690085709095
AAPL,0.13910309970378876,0.12674172222614288
AAPL,0.04236733540892601,0.13186219334602356
AAPL,0.06948111206293106,0.1346787065267563
AAPL,0.0008077527745626867,0.13231536746025085
AAPL,0.16542740166187286,0.1373082995414734
AAPL,0.1084866151213646,0.13422060012817383
AAPL,8.468158193863928e-05,0.11458076536655426
AAPL,0.0006145147490315139,0.12395903468132019
AAPL,0.005513256415724754,0.11179468035697937
AAPL,0.21450959146022797,0.08887553215026855
AAPL,0.005845174193382263,0.08379855751991272
AAPL,0.0011742723872885108,0.08400334417819977
AAPL,0.00041531925671733916,0.09110485017299652
AAPL,0.0016549895517528057,0.08552952110767365
AAPL,0.05579347908496857,0.08017191290855408
AAPL,0.07191058993339539,0.07970735430717468
AAPL,0.01181014720350504,0.09470786154270172
AAPL,0.6141116619110107,0.08392301201820374
AAPL,0.024183670058846474,0.07719430327415466
AAPL,0.03887788951396942,0.0732775330543518
AAPL,0.06857876479625702,0.07890206575393677
AAPL,0.04689978435635567,0.0806710422039032
AAPL,0.012720388360321522,0.08074665069580078
AAPL,0.0732310563325882,0.0822216272354126
AAPL,0.0010400289902463555,0.09397108852863312
AAPL,0.045519109815359116,0.09407199919223785
AAPL,0.008775115944445133,0.09252698719501495
AAPL,0.00012634575250558555,0.12253192067146301
AAPL,0.0018932126695290208,0.1396094113588333
AAPL,5.94708944845479e-05,0.15170398354530334
AAPL,0.017335131764411926,0.17754709720611572
AAPL,0.02640112116932869,0.1975778043270111
AAPL,0.0005653657717630267,0.21027407050132751
AAPL,0.0035145834553986788,0.22211451828479767
AAPL,0.011571872048079967,0.2148386538028717
AAPL,0.05272760987281799,0.21202661097049713
AAPL,0.0029885952826589346,0.21100173890590668
AAPL,0.19171497225761414,0.212990403175354
AAPL,0.01888195425271988,0.2167695164680481
AAPL,0.012011012993752956,0.21393325924873352
AAPL,0.012487991712987423,0.21845486760139465
AAPL,4.181021358817816e-05,0.2191743701696396
AAPL,0.003316880902275443,0.22237148880958557
AAPL,0.033434703946113586,0.1992104947566986
AAPL,6.148502143332735e-05,0.16644775867462158
AAPL,0.00037062796764075756,0.1435195505619049
AAPL,0.19994930922985077,0.12364329397678375
AAPL,0.0011868131114169955,0.107161745429039
AAPL,0.08011136204004288,0.095966637134552
AAPL,0.3338038921356201,0.09509870409965515
AAPL,0.002165992744266987,0.0964837521314621
AAPL,0.014593482948839664,0.09180037677288055
AAPL,0.0039639947935938835,0.0922040343284607
AAPL,0.004896165803074837,0.10789191722869873
AAPL,0.006470846477895975,0.09195154905319214
AAPL,0.0003544224891811609,0.07344560325145721
AAPL,0.1288759559392929,0.06880533695220947
AAPL,0.22041527926921844,0.05988585576415062
AAPL,0.0015959525480866432,0.06352462619543076
AAPL,0.0060669537633657455,0.06581808626651764
AAPL,0.006287172436714172,0.07688155770301819
AAPL,0.13086968660354614,0.07459719479084015
AAPL,0.08381114900112152,0.07567325234413147
AAPL,0.06910990178585052,0.07610885798931122
AAPL,0.0011983003932982683,0.0804678350687027
AAPL,0.010734299197793007,0.07906441390514374
AAPL,0.06732968240976334,0.07512041926383972
AAPL,0.030294345691800117,0.07552045583724976
AAPL,0.019921891391277313,0.087636798620224
AAPL,0.0006411547656171024,0.09042507410049438
AAPL,0.037519197911024094,0.08423185348510742
AAPL,0.009932002052664757,0.08416540920734406
AAPL,0.0017366551328450441,0.08965830504894257
AAPL,0.12042301893234253,0.08482204377651215
AAPL,0.00017097433737944812,0.06371761858463287
AAPL,0.003332693362608552,0.07592557370662689
AAPL,0.018476193770766258,0.08195313811302185
AAPL,0.00033683807123452425,0.09245456755161285
AAPL,0.05973187834024429,0.0954681932926178
AAPL,0.08510761708021164,0.10382640361785889
AAPL,0.04503669962286949,0.10600045323371887
AAPL,0.004124533385038376,0.09464603662490845
AAPL,0.010533535853028297,0.08759218454360962
AAPL,0.0026984773576259613,0.08262738585472107
AAPL,0.11269178241491318,0.08177484571933746
AAPL,0.00035615958040580153,0.0871146023273468
AAPL,0.036904990673065186,0.08877600729465485
AAPL,0.0,0.08337733149528503
AAPL,0.003954494372010231,0.08762042224407196
AAPL,0.04713571444153786,0.08670331537723541
AAPL,0.050882428884506226,0.09157469868659973
AAPL,0.04479771479964256,0.09400415420532227
AAPL,0.00032718564034439623,0.08642742037773132
AAPL,0.002499149413779378,0.08078029751777649
AAPL,0.0011093774810433388,0.08863230049610138
AAPL,0.008742611855268478,0.08248196542263031
AAPL,0.04236837849020958,0.08735001087188721
AAPL,0.022079497575759888,0.08733668923377991
AAPL,7.712795922998339e-05,0.08647949993610382
AAPL,0.026033613830804825,0.09381003677845001
AAPL,0.022635312750935555,0.09666894376277924
AAPL,0.04058754816651344,0.08704306185245514
AAPL,0.0005538055556826293,0.07878892123699188
AAPL,3.837736585410312e-06,0.0685671865940094
AAPL,0.00017076412041205913,0.0714384913444519
AAPL,0.06429356336593628,0.0663328468799591
AAPL,0.004288475960493088,0.0759311318397522
AAPL,0.006760299671441317,0.0799703598022461
AAPL,0.008909247815608978,0.08047619462013245
AAPL,0.00011838189675472677,0.07543668150901794
AAPL,0.034257061779499054,0.06705622375011444
AAPL,0.023577488958835602,0.06985160708427429
AAPL,0.1181679219007492,0.07501764595508575
AAPL,0.012313390150666237,0.07906097173690796
AAPL,0.08756664395332336,0.07777486741542816
AAPL,0.002360171638429165,0.08424827456474304
AAPL,0.03282191976904869,0.08186674118041992
AAPL,0.002533568535000086,0.09876416623592377
AAPL,0.04478161782026291,0.10632525384426117
AAPL,0.04492645338177681,0.10831311345100403
AAPL,0.012642147950828075,0.106656014919281
