datetime,date,bar,Open,High,Low,Close,log_ret
2015-01-05 09:30:00,2015-01-05,0,93.2764,93.3096,93.2433,93.2764,2.8863897851745245e-13
2015-01-05 09:35:00,2015-01-05,1,93.2764,93.2927,93.2602,93.2764,-9.766557464152038e-13
2015-01-05 09:40:00,2015-01-05,2,93.2764,93.3002,93.2526,93.2764,6.987620675878896e-13
2015-01-05 09:45:00,2015-01-05,3,93.2764,93.3106,93.2422,93.2764,8.684123971528862e-13
2015-01-05 09:50:00,2015-01-05,4,93.2764,93.295,93.2578,93.2764,-1.7863821685866263e-12
2015-01-05 09:55:00,2015-01-05,5,93.2764,93.2958,93.257,93.2764,-1.1824879298087583e-12
2015-01-05 10:00:00,2015-01-05,6,93.2764,93.3367,93.2162,93.2764,1.15148554722257e-13
2015-01-05 10:05:00,2015-01-05,7,93.2764,93.3008,93.2521,93.2764,-2.825702860997123e-13
2015-01-05 10:10:00,2015-01-05,8,93.2764,93.2997,93.2531,93.2764,-1.489415333522825e-14
2015-01-05 10:15:00,2015-01-05,9,93.2764,93.277,93.2758,93.2764,-7.503722215080445e-13
2015-01-05 10:20:00,2015-01-05,10,93.2764,93.2999,93.2529,93.2764,7.676820827044367e-13
2015-01-05 10:25:00,2015-01-05,11,93.2764,93.2981,93.2548,93.2764,6.739311111374657e-13
2015-01-05 10:30:00,2015-01-05,12,93.2764,93.3084,93.2444,93.2764,5.679673360167105e-14
2015-01-05 10:35:00,2015-01-05,13,93.2764,93.2811,93.2717,93.2764,9.627040833513488e-13
2015-01-05 10:40:00,2015-01-05,14,93.2764,93.2965,93.2563,93.2764,3.964985989702473e-13
2015-01-05 10:45:00,2015-01-05,15,93.2764,93.2802,93.2727,93.2764,-7.238499937098332e-13
2015-01-05 10:50:00,2015-01-05,16,93.2764,93.3554,93.1974,93.2764,3.085897119242139e-13
2015-01-05 10:55:00,2015-01-05,17,93.2764,93.3437,93.2091,93.2764,-7.973398561526689e-13
2015-01-05 11:00:00,2015-01-05,18,93.2764,93.3376,93.2153,93.2764,7.259677345267615e-13
2015-01-05 11:05:00,2015-01-05,19,93.2764,93.3223,93.2306,93.2764,-4.1015183009028584e-14
2015-01-05 11:10:00,2015-01-05,20,93.2764,93.2947,93.2582,93.2764,-1.5100314997260675e-13
2015-01-05 11:15:00,2015-01-05,21,93.2764,93.3176,93.2353,93.2764,-5.531751691885447e-13
2015-01-05 11:20:00,2015-01-05,22,93.2764,93.2935,93.2593,93.2764,9.879954758638109e-13
2015-01-05 11:25:00,2015-01-05,23,93.2764,93.3349,93.218,93.2764,-1.2426397776109717e-13
2015-01-05 11:30:00,2015-01-05,24,93.2764,93.2924,93.2605,93.2764,-3.4282136152193776e-13
2015-01-05 11:35:00,2015-01-05,25,93.2764,93.3093,93.2436,93.2764,-2.8059204254798307e-13
2015-01-05 11:40:00,2015-01-05,26,93.2764,93.3179,93.235,93.2764,4.224061906507417e-13
2015-01-05 11:45:00,2015-01-05,27,93.2764,93.2855,93.2673,93.2764,2.888755663297236e-13
2015-01-05 11:50:00,2015-01-05,28,93.2764,93.3183,93.2346,93.2764,3.2509516840911433e-13
2015-01-05 11:55:00,2015-01-05,29,93.2764,93.2913,93.2615,93.2764,3.382373231960253e-13
2015-01-05 12:00:00,2015-01-05,30,93.2764,93.3132,93.2396,93.2764,1.6764451762641632e-12
2015-01-05 12:05:00,2015-01-05,31,93.2764,93.3519,93.201,93.2764,-3.172955363345419e-13
2015-01-05 12:10:00,2015-01-05,32,93.2764,93.2954,93.2575,93.2764,-3.989893347374923e-13
2015-01-05 12:15:00,2015-01-05,33,93.2764,93.2868,93.2661,93.2764,-6.325869707026458e-13
2015-01-05 12:20:00,2015-01-05,34,93.2764,93.3022,93.2506,93.2764,4.780320434340866e-13
2015-01-05 12:25:00,2015-01-05,35,93.2764,93.3391,93.2137,93.2764,8.749662254432827e-13
2015-01-05 12:30:00,2015-01-05,36,93.2764,93.2796,93.2733,93.2764,-8.822151614709962e-14
2015-01-05 12:35:00,2015-01-05,37,93.2764,93.2993,93.2535,93.2764,-6.500361055838435e-13
2015-01-05 12:40:00,2015-01-05,38,93.2764,93.2865,93.2664,93.2764,-6.376929692137259e-13
2015-01-05 12:45:00,2015-01-05,39,93.2764,93.2774,93.2755,93.2764,5.03199392200995e-13
2015-01-05 12:50:00,2015-01-05,40,93.2764,93.3458,93.2071,93.2764,5.750619797097411e-13
2015-01-05 12:55:00,2015-01-05,41,93.2764,93.2868,93.2661,93.2764,4.205262147821404e-13
2015-01-05 13:00:00,2015-01-05,42,93.2764,93.3208,93.2321,93.2764,-5.157775087454786e-13
2015-01-05 13:05:00,2015-01-05,43,93.2764,93.2842,93.2686,93.2764,1.8016925177130113e-13
2015-01-05 13:10:00,2015-01-05,44,93.2764,93.286,93.2669,93.2764,9.070581990041378e-14
2015-01-05 13:15:00,2015-01-05,45,93.2764,93.3357,93.2172,93.2764,1.7033803072566224e-13
2015-01-05 13:20:00,2015-01-05,46,93.2764,93.3129,93.24,93.2764,6.803401703414323e-13
2015-01-05 13:25:00,2015-01-05,47,93.2764,93.2921,93.2608,93.2764,1.7502677799330786e-13
2015-01-05 13:30:00,2015-01-05,48,93.2764,93.3407,93.2122,93.2764,5.330146502878644e-13
2015-01-05 13:35:00,2015-01-05,49,93.2764,93.3288,93.224,93.2764,5.3229690020055454e-14
2015-01-05 13:40:00,2015-01-05,50,93.2764,93.3047,93.2481,93.2764,2.2854258196480353e-13
2015-01-05 13:45:00,2015-01-05,51,93.2764,93.3176,93.2353,93.2764,5.00949564494032e-13
2015-01-05 13:50:00,2015-01-05,52,93.2764,93.2938,93.2591,93.2764,-1.1611115363392477e-12
2015-01-05 13:55:00,2015-01-05,53,93.2764,93.3381,93.2148,93.2764,-2.558557160203618e-13
2015-01-05 14:00:00,2015-01-05,54,93.2764,93.305,93.2479,93.2764,-3.7824741447359503e-13
2015-01-05 14:05:00,2015-01-05,55,93.2764,93.2865,93.2664,93.2764,-5.163084500509712e-13
2015-01-05 14:10:00,2015-01-05,56,93.2764,93.3433,93.2096,93.2764,-2.2352071902896987e-13
2015-01-05 14:15:00,2015-01-05,57,93.2764,93.3228,93.23,93.2764,1.2211292914974762e-12
2015-01-05 14:20:00,2015-01-05,58,93.2764,93.2908,93.262,93.2764,-7.112984212716333e-13
2015-01-05 14:25:00,2015-01-05,59,93.2764,93.3152,93.2377,93.2764,8.002033153474864e-13
2015-01-05 14:30:00,2015-01-05,60,93.2764,93.3693,93.1835,93.2764,-1.3993570646331e-12
2015-01-05 14:35:00,2015-01-05,61,93.2764,93.4128,93.14,93.2764,-2.802490988274666e-13
2015-01-05 14:40:00,2015-01-05,62,93.2764,93.296,93.2569,93.2764,1.3709977713201748e-13
2015-01-05 14:45:00,2015-01-05,63,93.2764,93.3234,93.2295,93.2764,4.971800818981577e-13
2015-01-05 14:50:00,2015-01-05,64,93.2764,93.3783,93.1746,93.2764,6.07412795346837e-13
2015-01-05 14:55:00,2015-01-05,65,93.2764,93.2893,93.2635,93.2764,6.824027798509688e-13
2015-01-05 15:00:00,2015-01-05,66,93.2764,93.3158,93.237,93.2764,-3.021587968667637e-13
2015-01-05 15:05:00,2015-01-05,67,93.2764,93.2967,93.2561,93.2764,-4.036161070193838e-13
2015-01-05 15:10:00,2015-01-05,68,93.2764,93.3066,93.2463,93.2764,7.547105690682278e-13
2015-01-05 15:15:00,2015-01-05,69,93.2764,93.2834,93.2694,93.2764,-1.6959045516666062e-13
2015-01-05 15:20:00,2015-01-05,70,93.2764,93.3297,93.2231,93.2764,-1.139856104415728e-12
2015-01-05 15:25:00,2015-01-05,71,93.2764,93.2843,93.2685,93.2764,-1.0207757605938798e-12
2015-01-05 15:30:00,2015-01-05,72,93.2764,93.2845,93.2684,93.2764,-8.349395951190713e-13
2015-01-05 15:35:00,2015-01-05,73,93.2764,93.3295,93.2234,93.2764,4.552040338706975e-13
2015-01-05 15:40:00,2015-01-05,74,93.2764,93.3629,93.1899,93.2764,1.315000155989896e-13
2015-01-05 15:45:00,2015-01-05,75,93.2764,93.3018,93.2511,93.2764,6.429265171988393e-13
2015-01-05 15:50:00,2015-01-05,76,93.2764,93.2793,93.2736,93.2764,-4.0123570130713475e-13
2015-01-05 15:55:00,2015-01-05,77,93.2764,93.3701,93.1827,93.2764,1.5017449800888554e-13
2015-01-06 09:30:00,2015-01-06,0,93.2764,93.3117,93.1838,93.219,-0.0006153447440774375
2015-01-06 09:35:00,2015-01-06,1,93.219,93.2504,92.7596,92.791,-0.004602078817377213
2015-01-06 09:40:00,2015-01-06,2,92.791,93.1086,92.6889,93.0064,0.002318277565364631
2015-01-06 09:45:00,2015-01-06,3,93.0064,93.5229,92.9987,93.5152,0.005455516830721499
2015-01-06 09:50:00,2015-01-06,4,93.5152,93.9779,93.4655,93.9282,0.004406461285251534
2015-01-06 09:55:00,2015-01-06,5,93.9282,94.2617,93.9036,94.2371,0.0032839768870123027
2015-01-06 10:00:00,2015-01-06,6,94.2371,94.2775,93.3002,93.3405,-0.009560017032966748
2015-01-06 10:05:00,2015-01-06,7,93.3405,93.687,93.3362,93.6827,0.0036597769113537733
2015-01-06 10:10:00,2015-01-06,8,93.6827,93.7624,93.2565,93.3361,-0.003706593160753994
2015-01-06 10:15:00,2015-01-06,9,93.3361,93.7725,93.2702,93.7065,0.003960581053140742
2015-01-06 10:20:00,2015-01-06,10,93.7065,93.8015,93.2323,93.3273,-0.004055212993232259
2015-01-06 10:25:00,2015-01-06,11,93.3273,93.3843,93.1152,93.1722,-0.001663252983430486
2015-01-06 10:30:00,2015-01-06,12,93.1722,93.283,93.124,93.2348,0.0006718543723901366
2015-01-06 10:35:00,2015-01-06,13,93.2348,93.3312,93.1547,93.251,0.00017359526512895549
2015-01-06 10:40:00,2015-01-06,14,93.251,93.6355,93.1251,93.5096,0.0027691896550478467
2015-01-06 10:45:00,2015-01-06,15,93.5096,93.56,93.2841,93.3346,-0.0018737582568278315
2015-01-06 10:50:00,2015-01-06,16,93.3346,93.5277,93.3188,93.5119,0.0018986501443527468
2015-01-06 10:55:00,2015-01-06,17,93.5119,94.0029,93.4974,93.9884,0.005081941453065222
2015-01-06 11:00:00,2015-01-06,18,93.9884,94.5577,93.9154,94.4846,0.005266360564878935
2015-01-06 11:05:00,2015-01-06,19,94.4846,94.5261,94.3764,94.4179,-0.0007070170257462504
2015-01-06 11:10:00,2015-01-06,20,94.4179,94.4281,93.8023,93.8125,-0.006431992982682511
2015-01-06 11:15:00,2015-01-06,21,93.8125,93.8448,93.7195,93.7517,-0.0006481246593613234
2015-01-06 11:20:00,2015-01-06,22,93.7517,93.8145,93.7338,93.7966,0.00047809834558552275
2015-01-06 11:25:00,2015-01-06,23,93.7966,93.812,93.6737,93.6891,-0.0011461373721750217
2015-01-06 11:30:00,2015-01-06,24,93.6891,93.6946,93.1966,93.2021,-0.005212381252266796
2015-01-06 11:35:00,2015-01-06,25,93.2021,93.258,93.0649,93.1208,-0.0008717074473776421
2015-01-06 11:40:00,2015-01-06,26,93.1208,93.282,93.1112,93.2724,0.0016260431384565058
2015-01-06 11:45:00,2015-01-06,27,93.2724,93.2832,92.8558,92.8665,-0.004360730078795751
2015-01-06 11:50:00,2015-01-06,28,92.8665,92.8759,92.7009,92.7103,-0.0016840431369954736
2015-01-06 11:55:00,2015-01-06,29,92.7103,92.7326,92.1323,92.1545,-0.0060123977998723325
2015-01-06 12:00:00,2015-01-06,30,92.1545,92.1734,92.0698,92.0887,-0.0007152358435940209
2015-01-06 12:05:00,2015-01-06,31,92.0887,92.5691,92.0482,92.5287,0.004766974731577344
2015-01-06 12:10:00,2015-01-06,32,92.5287,93.0279,92.5225,93.0217,0.005314017089443775
2015-01-06 12:15:00,2015-01-06,33,93.0217,93.0357,92.4143,92.4283,-0.006399500160085319
2015-01-06 12:20:00,2015-01-06,34,92.4283,92.4304,91.8117,91.8138,-0.006670289405486789
2015-01-06 12:25:00,2015-01-06,35,91.8138,91.8776,91.8138,91.8775,0.0006937767946060707
2015-01-06 12:30:00,2015-01-06,36,91.8775,92.0421,91.849,92.0136,0.0014793871280824626
2015-01-06 12:35:00,2015-01-06,37,92.0136,92.0261,91.4837,91.4962,-0.005638458560595572
2015-01-06 12:40:00,2015-01-06,38,91.4962,91.8916,91.4924,91.8877,0.004269698739073094
2015-01-06 12:45:00,2015-01-06,39,91.8877,92.2881,91.805,92.2053,0.003450819497889746
2015-01-06 12:50:00,2015-01-06,40,92.2053,92.2676,91.9146,91.9768,-0.002482045666762778
2015-01-06 12:55:00,2015-01-06,41,91.9768,92.1323,91.9615,92.117,0.0015234683071016913
2015-01-06 13:00:00,2015-01-06,42,92.117,92.1491,92.0868,92.1188,1.97941613628661e-05
2015-01-06 13:05:00,2015-01-06,43,92.1188,92.2212,92.0747,92.1771,0.0006324958611665587
2015-01-06 13:10:00,2015-01-06,44,92.1771,92.2244,92.0093,92.0566,-0.0013085419035583348
2015-01-06 13:15:00,2015-01-06,45,92.0566,92.067,91.5442,91.5547,-0.005466748802498265
2015-01-06 13:20:00,2015-01-06,46,91.5547,91.5739,91.5033,91.5224,-0.0003526556826481458
2015-01-06 13:25:00,2015-01-06,47,91.5224,91.5922,91.2229,91.2927,-0.0025135455595310294
2015-01-06 13:30:00,2015-01-06,48,91.2927,92.0656,91.2554,92.0284,0.008026307755816151
2015-01-06 13:35:00,2015-01-06,49,92.0284,92.0643,92.0101,92.046,0.00019135313911594487
2015-01-06 13:40:00,2015-01-06,50,92.046,92.3973,92.0011,92.3524,0.0033238155371016443
2015-01-06 13:45:00,2015-01-06,51,92.3524,92.818,92.3333,92.7989,0.004822855399341681
2015-01-06 13:50:00,2015-01-06,52,92.7989,93.134,92.7882,93.1233,0.003489302717514789
2015-01-06 13:55:00,2015-01-06,53,93.1233,93.2497,93.1211,93.2475,0.0013335194759967973
2015-01-06 14:00:00,2015-01-06,54,93.2475,93.2595,92.8937,92.9057,-0.0036726876503460396
2015-01-06 14:05:00,2015-01-06,55,92.9057,93.4079,92.9014,93.4036,0.005345204915995072
2015-01-06 14:10:00,2015-01-06,56,93.4036,93.4141,93.3816,93.392,-0.00012408791473543648
2015-01-06 14:15:00,2015-01-06,57,93.392,93.5828,93.3857,93.5764,0.0019721307334131127
2015-01-06 14:20:00,2015-01-06,58,93.5764,93.7639,93.5146,93.7021,0.0013423329955569207
2015-01-06 14:25:00,2015-01-06,59,93.7021,93.8105,93.2073,93.3157,-0.0041323491643318324
2015-01-06 14:30:00,2015-01-06,60,93.3157,93.3257,93.0976,93.1077,-0.0022312812379722893
2015-01-06 14:35:00,2015-01-06,61,93.1077,93.1152,92.582,92.5895,-0.005580974297904996
2015-01-06 14:40:00,2015-01-06,62,92.5895,92.6624,92.5768,92.6496,0.0006490121806725575
2015-01-06 14:45:00,2015-01-06,63,92.6496,92.9388,92.6335,92.9227,0.0029432396091097785
2015-01-06 14:50:00,2015-01-06,64,92.9227,93.088,92.846,93.0113,0.0009533469672293859
2015-01-06 14:55:00,2015-01-06,65,93.0113,93.0258,92.9002,92.9146,-0.0010401220390596421
2015-01-06 15:00:00,2015-01-06,66,92.9146,92.9911,92.7673,92.8438,-0.0007629183742890271
2015-01-06 15:05:00,2015-01-06,67,92.8438,93.3515,92.7754,93.2831,0.004720429359218086
2015-01-06 15:10:00,2015-01-06,68,93.2831,93.3219,93.2072,93.2461,-0.0003969225019646702
2015-01-06 15:15:00,2015-01-06,69,93.2461,93.261,93.1372,93.152,-0.00100889738808035
2015-01-06 15:20:00,2015-01-06,70,93.152,93.1548,92.1102,92.113,-0.011216877008766652
2015-01-06 15:25:00,2015-01-06,71,92.113,92.1615,91.2913,91.3398,-0.00842984336524089
2015-01-06 15:30:00,2015-01-06,72,91.3398,91.7089,91.3242,91.6934,0.003863666212859842
2015-01-06 15:35:00,2015-01-06,73,91.6934,91.8746,91.6325,91.8137,0.0013121144572836568
2015-01-06 15:40:00,2015-01-06,74,91.8137,92.4619,91.7863,92.4345,0.006737731104276502
2015-01-06 15:45:00,2015-01-06,75,92.4345,92.7708,92.352,92.6883,0.002742709573610831
2015-01-06 15:50:00,2015-01-06,76,92.6883,92.7448,92.4949,92.5514,-0.001477949228040438
2015-01-06 15:55:00,2015-01-06,77,92.5514,92.5727,92.0045,92.0258,-0.005695785172350511
2015-01-07 09:30:00,2015-01-07,0,92.0258,92.5003,91.9211,92.3957,0.004011259429659714
2015-01-07 09:35:00,2015-01-07,1,92.3957,92.4906,92.3932,92.4882,0.0010010711687303054
2015-01-07 09:40:00,2015-01-07,2,92.4882,92.6825,92.4672,92.6615,0.001872075658710558
2015-01-07 09:45:00,2015-01-07,3,92.6615,92.6818,92.5796,92.5999,-0.000664903071478237
2015-01-07 09:50:00,2015-01-07,4,92.5999,92.6444,92.5692,92.6136,0.00014795253833358447
2015-01-07 09:55:00,2015-01-07,5,92.6136,92.6196,92.4653,92.4713,-0.0015378537369916685
2015-01-07 10:00:00,2015-01-07,6,92.4713,92.7044,92.4385,92.6717,0.002164389357221465
2015-01-07 10:05:00,2015-01-07,7,92.6717,92.6815,92.4252,92.435,-0.0025565585121415713
2015-01-07 10:10:00,2015-01-07,8,92.435,92.6133,92.4126,92.5908,0.0016841093549121175
2015-01-07 10:15:00,2015-01-07,9,92.5908,92.6205,92.5235,92.5531,-0.0004072273750925031
2015-01-07 10:20:00,2015-01-07,10,92.5531,92.7907,92.5456,92.7832,0.0024827721402226285
2015-01-07 10:25:00,2015-01-07,11,92.7832,92.9381,92.7751,92.9299,0.0015798237253225502
2015-01-07 10:30:00,2015-01-07,12,92.9299,93.3177,92.8962,93.284,0.0038027293578743494
2015-01-07 10:35:00,2015-01-07,13,93.284,93.4415,93.2679,93.4255,0.0015154857237654983
2015-01-07 10:40:00,2015-01-07,14,93.4255,93.4466,93.1023,93.1235,-0.0032374824295656923
2015-01-07 10:45:00,2015-01-07,15,93.1235,93.1342,93.1,93.1107,-0.0001369528673314037
2015-01-07 10:50:00,2015-01-07,16,93.1107,93.1154,92.8845,92.8892,-0.0023816128310662774
2015-01-07 10:55:00,2015-01-07,17,92.8892,92.9222,92.7591,92.7921,-0.0010464891912282865
2015-01-07 11:00:00,2015-01-07,18,92.7921,93.1527,92.7133,93.0739,0.003032652387194897
2015-01-07 11:05:00,2015-01-07,19,93.0739,93.2433,93.023,93.1924,0.001271786678396676
2015-01-07 11:10:00,2015-01-07,20,93.1924,93.2503,93.0053,93.0633,-0.0013863211459863689
2015-01-07 11:15:00,2015-01-07,21,93.0633,93.154,92.7866,92.8773,-0.0019997227158198676
2015-01-07 11:20:00,2015-01-07,22,92.8773,92.9095,92.8511,92.8833,6.433102527560637e-05
2015-01-07 11:25:00,2015-01-07,23,92.8833,92.9121,92.6341,92.6629,-0.0023755265172813143
2015-01-07 11:30:00,2015-01-07,24,92.6629,92.6738,92.5312,92.5421,-0.0013043594450502835
2015-01-07 11:35:00,2015-01-07,25,92.5421,92.6056,92.5346,92.598,0.0006037096483113461
2015-01-07 11:40:00,2015-01-07,26,92.598,92.8458,92.5567,92.8044,0.002226168359187115
2015-01-07 11:45:00,2015-01-07,27,92.8044,92.9631,92.7542,92.9129,0.0011685019732105583
2015-01-07 11:50:00,2015-01-07,28,92.9129,92.9155,92.504,92.5066,-0.004382420939051875
2015-01-07 11:55:00,2015-01-07,29,92.5066,92.6111,92.4558,92.5603,0.0005802487747812472
2015-01-07 12:00:00,2015-01-07,30,92.5603,92.5764,92.5569,92.573,0.00013692056952363318
2015-01-07 12:05:00,2015-01-07,31,92.573,92.6769,92.5417,92.6456,0.0007846425279416419
2015-01-07 12:10:00,2015-01-07,32,92.6456,92.9514,92.6235,92.9293,0.003056860232670401
2015-01-07 12:15:00,2015-01-07,33,92.9293,92.9843,92.513,92.5681,-0.003894564414248886
2015-01-07 12:20:00,2015-01-07,34,92.5681,92.601,92.432,92.465,-0.001113901207298813
2015-01-07 12:25:00,2015-01-07,35,92.465,92.5812,92.4517,92.5679,0.0011120364854225566
2015-01-07 12:30:00,2015-01-07,36,92.5679,92.5977,92.2633,92.2931,-0.002973427745995369
2015-01-07 12:35:00,2015-01-07,37,92.2931,92.613,92.2294,92.5493,0.0027729437449971065
2015-01-07 12:40:00,2015-01-07,38,92.5493,92.6645,92.4982,92.6134,0.0006918177935156269
2015-01-07 12:45:00,2015-01-07,39,92.6134,92.7753,92.5989,92.7608,0.001589986021474786
2015-01-07 12:50:00,2015-01-07,40,92.7608,92.7993,92.6228,92.6613,-0.0010726621335950131
2015-01-07 12:55:00,2015-01-07,41,92.6613,92.8208,92.6437,92.8032,0.001529891314274072
2015-01-07 13:00:00,2015-01-07,42,92.8032,92.9948,92.7983,92.99,0.002010774479919616
2015-01-07 13:05:00,2015-01-07,43,92.99,93.0988,92.922,93.0308,0.0004388455500833602
2015-01-07 13:10:00,2015-01-07,44,93.0308,93.1065,92.9963,93.072,0.00044245465278313343
2015-01-07 13:15:00,2015-01-07,45,93.072,93.1421,93.0494,93.1196,0.0005113207195289847
2015-01-07 13:20:00,2015-01-07,46,93.1196,93.1395,92.9473,92.9673,-0.0016367076854716827
2015-01-07 13:25:00,2015-01-07,47,92.9673,93.0073,92.9012,92.9412,-0.00028042078177018117
2015-01-07 13:30:00,2015-01-07,48,92.9412,92.9658,92.8896,92.9142,-0.0002907709816509397
2015-01-07 13:35:00,2015-01-07,49,92.9142,92.9985,92.8981,92.9824,0.0007332959421940436
2015-01-07 13:40:00,2015-01-07,50,92.9824,93.1681,92.9752,93.161,0.0019191369012060428
2015-01-07 13:45:00,2015-01-07,51,93.161,93.1734,92.9587,92.9711,-0.0020396909744828506
2015-01-07 13:50:00,2015-01-07,52,92.9711,92.9849,92.9349,92.9487,-0.00024188098314694817
2015-01-07 13:55:00,2015-01-07,53,92.9487,93.2672,92.8981,93.2167,0.002879205139508091
2015-01-07 14:00:00,2015-01-07,54,93.2167,93.2299,93.0682,93.0814,-0.0014519738759987148
2015-01-07 14:05:00,2015-01-07,55,93.0814,93.1385,92.8742,92.9313,-0.001613569543739419
2015-01-07 14:10:00,2015-01-07,56,92.9313,93.0099,92.8899,92.9684,0.00039908193422435095
2015-01-07 14:15:00,2015-01-07,57,92.9684,93.1372,92.9555,93.1243,0.001674829134722156
2015-01-07 14:20:00,2015-01-07,58,93.1243,93.1702,93.0805,93.1264,2.279330915517302e-05
2015-01-07 14:25:00,2015-01-07,59,93.1264,93.3902,93.1112,93.3751,0.0026668870293407787
2015-01-07 14:30:00,2015-01-07,60,93.3751,93.542,93.3699,93.5368,0.001730002922304763
2015-01-07 14:35:00,2015-01-07,61,93.5368,93.7109,93.5228,93.6969,0.0017106460484390303
2015-01-07 14:40:00,2015-01-07,62,93.6969,93.8818,93.6183,93.8032,0.0011334465628292782
2015-01-07 14:45:00,2015-01-07,63,93.8032,94.3382,93.7189,94.2539,0.004793602445863057
2015-01-07 14:50:00,2015-01-07,64,94.2539,94.2567,94.211,94.2138,-0.0004254657616229902
2015-01-07 14:55:00,2015-01-07,65,94.2138,94.2204,93.8138,93.8204,-0.004184697288486009
2015-01-07 15:00:00,2015-01-07,66,93.8204,94.1822,93.7758,94.1376,0.0033753412909745947
2015-01-07 15:05:00,2015-01-07,67,94.1376,94.1729,94.011,94.0463,-0.0009702166196300275
2015-01-07 15:10:00,2015-01-07,68,94.0463,94.082,94.0323,94.068,0.00023043077100391813
2015-01-07 15:15:00,2015-01-07,69,94.068,94.3346,94.0669,94.3335,0.002818975642408304
2015-01-07 15:20:00,2015-01-07,70,94.3335,94.3469,93.9927,94.0061,-0.003476413199448275
2015-01-07 15:25:00,2015-01-07,71,94.0061,94.0421,93.7132,93.7492,-0.0027375665817739266
2015-01-07 15:30:00,2015-01-07,72,93.7492,93.8182,93.3497,93.4187,-0.0035308963893828627
2015-01-07 15:35:00,2015-01-07,73,93.4187,93.5095,93.1631,93.2539,-0.001765617843512018
2015-01-07 15:40:00,2015-01-07,74,93.2539,93.3952,93.2046,93.3459,0.0009856519196872603
2015-01-07 15:45:00,2015-01-07,75,93.3459,93.477,93.3255,93.4566,0.0011851851616020205
2015-01-07 15:50:00,2015-01-07,76,93.4566,93.5287,93.4434,93.5155,0.0006300100812170418
2015-01-07 15:55:00,2015-01-07,77,93.5155,93.6033,93.1243,93.2121,-0.00324953167027301
2015-01-08 09:30:00,2015-01-08,0,93.2121,93.2259,92.1226,92.1365,-0.011606718330447406
2015-01-08 09:35:00,2015-01-08,1,92.1365,93.1313,92.0685,93.0634,0.010009900313597823
2015-01-08 09:40:00,2015-01-08,2,93.0634,93.1106,92.6829,92.7302,-0.003586913104543261
2015-01-08 09:45:00,2015-01-08,3,92.7302,93.161,92.6863,93.1171,0.004164031022698002
2015-01-08 09:50:00,2015-01-08,4,93.1171,93.4114,93.0918,93.3861,0.002884578620197743
2015-01-08 09:55:00,2015-01-08,5,93.3861,93.4223,93.1759,93.2121,-0.001864490312097662
2015-01-08 10:00:00,2015-01-08,6,93.2121,93.2313,92.6188,92.638,-0.006178738132916681
2015-01-08 10:05:00,2015-01-08,7,92.638,93.08,92.5075,92.9496,0.0033584244829387563
2015-01-08 10:10:00,2015-01-08,8,92.9496,92.9551,91.9779,91.9835,-0.01044855856781701
2015-01-08 10:15:00,2015-01-08,9,91.9835,93.0322,91.9641,93.0129,0.011128758138581999
2015-01-08 10:20:00,2015-01-08,10,93.0129,93.06,92.96,93.0072,-6.130836129079478e-05
2015-01-08 10:25:00,2015-01-08,11,93.0072,93.0713,90.6524,90.7166,-0.02493649509105614
2015-01-08 10:30:00,2015-01-08,12,90.7166,90.7933,90.4471,90.5239,-0.0021258682702677096
2015-01-08 10:35:00,2015-01-08,13,90.5239,90.5784,89.2502,89.3046,-0.013560818187566763
2015-01-08 10:40:00,2015-01-08,14,89.3046,89.3089,89.2236,89.2279,-0.0008599376437577125
2015-01-08 10:45:00,2015-01-08,15,89.2279,89.2481,88.7253,88.7455,-0.005420206007434693
2015-01-08 10:50:00,2015-01-08,16,88.7455,88.7953,88.7425,88.7923,0.0005264620269199924
2015-01-08 10:55:00,2015-01-08,17,88.7923,88.9774,88.7466,88.9318,0.0015698772195696742
2015-01-08 11:00:00,2015-01-08,18,88.9318,89.6221,88.8784,89.5687,0.0071368270940629355
2015-01-08 11:05:00,2015-01-08,19,89.5687,89.6123,89.1751,89.2186,-0.003916427700898951
2015-01-08 11:10:00,2015-01-08,20,89.2186,89.9182,89.2093,89.9088,0.007706192715235466
2015-01-08 11:15:00,2015-01-08,21,89.9088,89.9469,89.3338,89.3718,-0.005990497895441873
2015-01-08 11:20:00,2015-01-08,22,89.3718,89.4036,88.4758,88.5076,-0.009717056899797393
2015-01-08 11:25:00,2015-01-08,23,88.5076,88.5184,88.2082,88.2191,-0.003265456006792272
2015-01-08 11:30:00,2015-01-08,24,88.2191,88.5264,88.1359,88.4433,0.0025382471350262037
2015-01-08 11:35:00,2015-01-08,25,88.4433,88.4471,88.0856,88.0895,-0.004007648374805689
2015-01-08 11:40:00,2015-01-08,26,88.0895,88.3438,88.0746,88.3289,0.002713712127110675
2015-01-08 11:45:00,2015-01-08,27,88.3289,88.3799,87.5571,87.6082,-0.008193214155335797
2015-01-08 11:50:00,2015-01-08,28,87.6082,89.0303,87.5974,89.0195,0.015981779062972355
2015-01-08 11:55:00,2015-01-08,29,89.0195,89.3617,88.9376,89.2798,0.002919139762102193
2015-01-08 12:00:00,2015-01-08,30,89.2798,90.9096,89.2048,90.8346,0.01726514911909772
2015-01-08 12:05:00,2015-01-08,31,90.8346,92.0867,90.7647,92.0169,0.012931586829815102
2015-01-08 12:10:00,2015-01-08,32,92.0169,92.031,90.9261,90.9402,-0.011769410943128934
2015-01-08 12:15:00,2015-01-08,33,90.9402,90.9605,90.2215,90.2418,-0.007709543074694396
2015-01-08 12:20:00,2015-01-08,34,90.2418,90.9359,90.1077,90.8018,0.006185978582838374
2015-01-08 12:25:00,2015-01-08,35,90.8018,92.0451,90.7375,91.9808,0.012900965849392479
2015-01-08 12:30:00,2015-01-08,36,91.9808,94.366,91.9645,94.3497,0.025428708133409812
2015-01-08 12:35:00,2015-01-08,37,94.3497,94.8498,94.2902,94.7903,0.004658777821019352
2015-01-08 12:40:00,2015-01-08,38,94.7903,94.8299,92.8049,92.8446,-0.020740510491882917
2015-01-08 12:45:00,2015-01-08,39,92.8446,92.9554,92.3884,92.4992,-0.0037265186959287815
2015-01-08 12:50:00,2015-01-08,40,92.4992,93.0093,92.4339,92.944,0.004796586020408437
2015-01-08 12:55:00,2015-01-08,41,92.944,92.9905,92.5274,92.5739,-0.003989297980524512
2015-01-08 13:00:00,2015-01-08,42,92.5739,93.8361,92.5608,93.823,0.013402877925731105
2015-01-08 13:05:00,2015-01-08,43,93.823,94.1529,93.7334,94.0632,0.002556339797450749
2015-01-08 13:10:00,2015-01-08,44,94.0632,94.1313,93.9145,93.9826,-0.0008567233349775329
2015-01-08 13:15:00,2015-01-08,45,93.9826,94.0664,93.9687,94.0525,0.0007430031652767804
2015-01-08 13:20:00,2015-01-08,46,94.0525,94.1545,93.3094,93.4114,-0.006840108322970709
2015-01-08 13:25:00,2015-01-08,47,93.4114,93.5041,93.0398,93.1326,-0.0029889066565424206
2015-01-08 13:30:00,2015-01-08,48,93.1326,93.2047,92.5206,92.5927,-0.005813153222597829
2015-01-08 13:35:00,2015-01-08,49,92.5927,93.1746,92.5688,93.1506,0.00600708593386642
2015-01-08 13:40:00,2015-01-08,50,93.1506,93.1801,92.3916,92.4211,-0.007862772182011174
2015-01-08 13:45:00,2015-01-08,51,92.4211,92.4673,91.0607,91.107,-0.014320867564033956
2015-01-08 13:50:00,2015-01-08,52,91.107,91.9044,91.0932,91.8906,0.008564565956014158
2015-01-08 13:55:00,2015-01-08,53,91.8906,92.7187,91.7887,92.6168,0.007871444274719606
2015-01-08 14:00:00,2015-01-08,54,92.6168,92.6465,91.4914,91.5211,-0.011900603600915305
2015-01-08 14:05:00,2015-01-08,55,91.5211,91.7115,91.4876,91.678,0.0017131877545140573
2015-01-08 14:10:00,2015-01-08,56,91.678,91.7523,90.4527,90.527,-0.012634879255030306
2015-01-08 14:15:00,2015-01-08,57,90.527,90.927,90.4902,90.8903,0.004004834459991058
2015-01-08 14:20:00,2015-01-08,58,90.8903,90.9278,89.657,89.6945,-0.01324323217287172
2015-01-08 14:25:00,2015-01-08,59,89.6945,89.7266,89.5545,89.5866,-0.0012038649542366827
2015-01-08 14:30:00,2015-01-08,60,89.5866,89.6321,89.3282,89.3737,-0.002378929061729658
2015-01-08 14:35:00,2015-01-08,61,89.3737,89.4006,88.0596,88.0865,-0.014507190552714025
2015-01-08 14:40:00,2015-01-08,62,88.0865,88.4863,87.9847,88.3844,0.0033762876169245713
2015-01-08 14:45:00,2015-01-08,63,88.3844,89.2022,88.3517,89.1695,0.008842927688868362
2015-01-08 14:50:00,2015-01-08,64,89.1695,89.6121,89.1061,89.5487,0.004244233952757417
2015-01-08 14:55:00,2015-01-08,65,89.5487,89.5633,89.149,89.1636,-0.004310576935048599
2015-01-08 15:00:00,2015-01-08,66,89.1636,90.6023,89.0751,90.5139,0.015030580252421707
2015-01-08 15:05:00,2015-01-08,67,90.5139,90.5418,89.9296,89.9575,-0.006165311867687381
2015-01-08 15:10:00,2015-01-08,68,89.9575,90.482,89.9066,90.4311,0.005250595477504665
2015-01-08 15:15:00,2015-01-08,69,90.4311,90.5127,89.3358,89.4174,-0.011273178109478869
2015-01-08 15:20:00,2015-01-08,70,89.4174,91.6078,89.3716,91.562,0.023701522020758568
2015-01-08 15:25:00,2015-01-08,71,91.562,92.2992,91.5464,92.2835,0.00784917741709912
2015-01-08 15:30:00,2015-01-08,72,92.2835,93.9027,92.2436,93.8627,0.016966909543047057
2015-01-08 15:35:00,2015-01-08,73,93.8627,94.748,93.7674,94.6527,0.008381248018303934
2015-01-08 15:40:00,2015-01-08,74,94.6527,94.6818,94.384,94.4132,-0.002533391381293555
2015-01-08 15:45:00,2015-01-08,75,94.4132,94.59,94.411,94.5879,0.001848877491982934
2015-01-08 15:50:00,2015-01-08,76,94.5879,94.8557,94.5698,94.8376,0.0026362203784976897
2015-01-08 15:55:00,2015-01-08,77,94.8376,95.0382,94.7955,94.9961,0.001670547052855956
2015-01-09 09:30:00,2015-01-09,0,94.9961,95.0613,94.9713,95.0364,0.0004236741917020815
2015-01-09 09:35:00,2015-01-09,1,95.0364,95.0378,94.9898,94.9912,-0.0004755954655623146
2015-01-09 09:40:00,2015-01-09,2,94.9912,95.0161,94.9318,94.9566,-0.0003638730860267856
2015-01-09 09:45:00,2015-01-09,3,94.9566,95.0931,94.9337,95.0701,0.0011943911421353687
2015-01-09 09:50:00,2015-01-09,4,95.0701,95.0914,94.9629,94.9842,-0.0009045124325405635
2015-01-09 09:55:00,2015-01-09,5,94.9842,94.9971,94.7739,94.7868,-0.002080036286277376
2015-01-09 10:00:00,2015-01-09,6,94.7868,94.9226,94.7817,94.9175,0.0013775145104177923
2015-01-09 10:05:00,2015-01-09,7,94.9175,95.1377,94.9027,95.123,0.002162514883917372
2015-01-09 10:10:00,2015-01-09,8,95.123,95.1233,95.0902,95.0905,-0.00034107316720090514
2015-01-09 10:15:00,2015-01-09,9,95.0905,95.1062,94.9211,94.9368,-0.001617431609221111
2015-01-09 10:20:00,2015-01-09,10,94.9368,94.9599,94.8894,94.9124,-0.0002573133993759303
2015-01-09 10:25:00,2015-01-09,11,94.9124,94.9127,94.8898,94.8901,-0.00023544191979054844
2015-01-09 10:30:00,2015-01-09,12,94.8901,94.8947,94.8707,94.8754,-0.00015509015393663295
2015-01-09 10:35:00,2015-01-09,13,94.8754,94.9018,94.7633,94.7897,-0.0009027131679504426
2015-01-09 10:40:00,2015-01-09,14,94.7897,94.8678,94.756,94.834,0.0004666356238054872
2015-01-09 10:45:00,2015-01-09,15,94.834,94.8885,94.8193,94.8738,0.0004194560272510909
2015-01-09 10:50:00,2015-01-09,16,94.8738,94.8813,94.7537,94.7612,-0.0011872556638764513
2015-01-09 10:55:00,2015-01-09,17,94.7612,94.8352,94.7396,94.8135,0.0005519562967168615
2015-01-09 11:00:00,2015-01-09,18,94.8135,94.9684,94.8115,94.9663,0.0016104590831266567
2015-01-09 11:05:00,2015-01-09,19,94.9663,95.0027,94.9427,94.9791,0.0001341140257469207
2015-01-09 11:10:00,2015-01-09,20,94.9791,95.0265,94.9068,94.9542,-0.0002615854059080512
2015-01-09 11:15:00,2015-01-09,21,94.9542,94.9852,94.9129,94.9438,-0.00010951811043759057
2015-01-09 11:20:00,2015-01-09,22,94.9438,95.0077,94.9248,94.9887,0.00047203594313765607
2015-01-09 11:25:00,2015-01-09,23,94.9887,95.0186,94.8333,94.8632,-0.001321222126988003
2015-01-09 11:30:00,2015-01-09,24,94.8632,94.8809,94.8575,94.8751,0.0001249096842077418
2015-01-09 11:35:00,2015-01-09,25,94.8751,94.8907,94.8315,94.8471,-0.0002953766461800394
2015-01-09 11:40:00,2015-01-09,26,94.8471,95.0022,94.824,94.9792,0.0013920486806534248
2015-01-09 11:45:00,2015-01-09,27,94.9792,95.0017,94.9443,94.9668,-0.0001307065445594195
2015-01-09 11:50:00,2015-01-09,28,94.9668,95.0943,94.9578,95.0853,0.0012471990739957623
2015-01-09 11:55:00,2015-01-09,29,95.0853,95.0865,95.0059,95.0071,-0.0008226573551897407
2015-01-09 12:00:00,2015-01-09,30,95.0071,95.0595,94.9962,95.0486,0.0004364137411218122
2015-01-09 12:05:00,2015-01-09,31,95.0486,95.0748,95.0449,95.0711,0.0002367318840045095
2015-01-09 12:10:00,2015-01-09,32,95.0711,95.0766,95.0045,95.01,-0.0006426228150041626
2015-01-09 12:15:00,2015-01-09,33,95.01,95.0256,95.0069,95.0225,0.00013091472031124694
2015-01-09 12:20:00,2015-01-09,34,95.0225,95.1227,95.0071,95.1074,0.0008933189905260323
2015-01-09 12:25:00,2015-01-09,35,95.1074,95.1233,95.0688,95.0847,-0.00023823249038105
2015-01-09 12:30:00,2015-01-09,36,95.0847,95.1167,94.9346,94.9665,-0.0012436206257196156
2015-01-09 12:35:00,2015-01-09,37,94.9665,95.0108,94.921,94.9653,-1.2900275279661515e-05
2015-01-09 12:40:00,2015-01-09,38,94.9653,94.985,94.8827,94.9024,-0.0006626257853144632
2015-01-09 12:45:00,2015-01-09,39,94.9024,94.9258,94.8552,94.8786,-0.0002513720389432211
2015-01-09 12:50:00,2015-01-09,40,94.8786,94.8987,94.8528,94.8729,-5.992797854851577e-05
2015-01-09 12:55:00,2015-01-09,41,94.8729,94.9095,94.7173,94.754,-0.0012536826845333257
2015-01-09 13:00:00,2015-01-09,42,94.754,94.756,94.6395,94.6414,-0.0011887343149489234
2015-01-09 13:05:00,2015-01-09,43,94.6414,94.6935,94.623,94.6751,0.00035516104640735577
2015-01-09 13:10:00,2015-01-09,44,94.6751,94.7106,94.603,94.6385,-0.0003857557537298136
2015-01-09 13:15:00,2015-01-09,45,94.6385,94.6488,94.449,94.4592,-0.0018965174019665886
2015-01-09 13:20:00,2015-01-09,46,94.4592,94.5216,94.4518,94.5142,0.0005817077457312054
2015-01-09 13:25:00,2015-01-09,47,94.5142,94.5511,94.4964,94.5333,0.0002024079155967946
2015-01-09 13:30:00,2015-01-09,48,94.5333,94.5336,94.4828,94.483,-0.0005320763978881426
2015-01-09 13:35:00,2015-01-09,49,94.483,94.489,94.384,94.39,-0.0009846883020727668
2015-01-09 13:40:00,2015-01-09,50,94.39,94.4697,94.3696,94.4493,0.0006272253966287282
2015-01-09 13:45:00,2015-01-09,51,94.4493,94.5155,94.4079,94.4741,0.0002631813455337541
2015-01-09 13:50:00,2015-01-09,52,94.4741,94.6808,94.4379,94.6446,0.0018023816857058094
2015-01-09 13:55:00,2015-01-09,53,94.6446,94.6979,94.6214,94.6748,0.00031927368290208147
2015-01-09 14:00:00,2015-01-09,54,94.6748,94.7217,94.6559,94.7028,0.00029597872138660504
2015-01-09 14:05:00,2015-01-09,55,94.7028,94.7204,94.6731,94.6907,-0.0001280700792825894
2015-01-09 14:10:00,2015-01-09,56,94.6907,94.7636,94.6775,94.7504,0.0006299276393148827
2015-01-09 14:15:00,2015-01-09,57,94.7504,94.8055,94.7411,94.7963,0.00048473456617626083
2015-01-09 14:20:00,2015-01-09,58,94.7963,94.915,94.7701,94.8889,0.0009762360751903148
2015-01-09 14:25:00,2015-01-09,59,94.8889,94.9023,94.8367,94.8501,-0.0004090102655525959
2015-01-09 14:30:00,2015-01-09,60,94.8501,94.8657,94.8018,94.8175,-0.0003437171334403045
2015-01-09 14:35:00,2015-01-09,61,94.8175,94.8311,94.7678,94.7814,-0.00038063156729509185
2015-01-09 14:40:00,2015-01-09,62,94.7814,94.8487,94.7741,94.8414,0.0006324154128969843
2015-01-09 14:45:00,2015-01-09,63,94.8414,94.9944,94.8028,94.9558,0.0012064212736112507
2015-01-09 14:50:00,2015-01-09,64,94.9558,94.9577,94.9187,94.9205,-0.00037201886454589966
2015-01-09 14:55:00,2015-01-09,65,94.9205,94.9327,94.8754,94.8876,-0.00034686652542977855
2015-01-09 15:00:00,2015-01-09,66,94.8876,94.9404,94.8594,94.9121,0.0002583543513598585
2015-01-09 15:05:00,2015-01-09,67,94.9121,94.9495,94.8554,94.8928,-0.00020367468807517018
2015-01-09 15:10:00,2015-01-09,68,94.8928,95.007,94.8541,94.9683,0.0007950492710117425
2015-01-09 15:15:00,2015-01-09,69,94.9683,94.999,94.7578,94.7885,-0.0018950877301070143
2015-01-09 15:20:00,2015-01-09,70,94.7885,94.7943,94.7162,94.722,-0.000701267942690224
2015-01-09 15:25:00,2015-01-09,71,94.722,94.753,94.6277,94.6587,-0.0006690453174500639
2015-01-09 15:30:00,2015-01-09,72,94.6587,94.6589,94.4692,94.4695,-0.0020003581100919146
2015-01-09 15:35:00,2015-01-09,73,94.4695,94.4742,94.3857,94.3904,-0.000837626980777947
2015-01-09 15:40:00,2015-01-09,74,94.3904,94.4161,94.289,94.3147,-0.0008021577532574022
2015-01-09 15:45:00,2015-01-09,75,94.3147,94.3241,94.2885,94.298,-0.0001777690931693236
2015-01-09 15:50:00,2015-01-09,76,94.298,94.393,94.2965,94.3916,0.0009922564484202952
2015-01-09 15:55:00,2015-01-09,77,94.3916,94.423,94.3394,94.3708,-0.00022037332883432267
