Ticker,Day_type,Estimator,QLIKE,MSE,N
SPY,No-Jump,rv_5min_ann,94437.750817,8548891.74846537,2510
SPY,No-Jump,bv_5min_ann,95633.793512,8497155.91370956,2510
SPY,No-Jump,gk_vol_21d,534.436123,4308798.04386946,2490
QQQ,No-Jump,rv_5min_ann,217167.45766,104881831.08526859,2510
QQQ,No-Jump,bv_5min_ann,240173.451723,104279514.75748034,2510
QQQ,No-Jump,gk_vol_21d,1168.896885,52862132.91489655,2490
AAPL,No-Jump,rv_5min_ann,1208176.094133,73553689.00709458,2510
AAPL,No-Jump,bv_5min_ann,1348194.442405,73101255.67713399,2510
AAPL,No-Jump,gk_vol_21d,868.839011,37072244.54794575,2490
