date,F_stat,p_value,significant
2016-01-05,0.0071,0.9327,False
2016-01-06,0.0,0.9981,False
2016-01-07,0.0001,0.9939,False
2016-01-08,0.0112,0.9157,False
2016-01-11,0.0087,0.9257,False
2016-01-12,0.011,0.9164,False
2016-01-13,0.0183,0.8925,False
2016-01-14,0.0059,0.9389,False
2016-01-15,0.0061,0.9377,False
2016-01-19,0.0,0.9988,False
2016-01-20,0.0187,0.8912,False
2016-01-21,0.0277,0.8679,False
2016-01-22,0.035,0.8517,False
2016-01-25,0.0257,0.8728,False
2016-01-26,0.0039,0.9502,False
2016-01-27,0.0107,0.9175,False
2016-01-28,0.0092,0.9238,False
2016-01-29,0.0015,0.9691,False
2016-02-01,0.0033,0.9541,False
2016-02-02,0.0122,0.9121,False
2016-02-03,0.0136,0.9071,False
2016-02-04,0.0095,0.9224,False
2016-02-05,0.0126,0.9107,False
2016-02-08,0.0204,0.8866,False
2016-02-09,0.003,0.9567,False
2016-02-10,0.0006,0.9799,False
2016-02-11,0.0005,0.9817,False
2016-02-12,0.0005,0.9819,False
2016-02-16,0.001,0.9749,False
2016-02-17,0.011,0.9164,False
2016-02-18,0.0109,0.9171,False
2016-02-19,0.0063,0.9366,False
2016-02-22,0.0083,0.9276,False
2016-02-23,0.0111,0.9162,False
2016-02-24,0.0077,0.9301,False
2016-02-25,0.009,0.9244,False
2016-02-26,0.0049,0.9445,False
2016-02-29,0.0032,0.9551,False
2016-03-01,0.0027,0.9582,False
2016-03-02,0.021,0.8848,False
2016-03-03,0.0322,0.8577,False
2016-03-04,0.0319,0.8584,False
2016-03-07,0.031,0.8605,False
2016-03-08,0.0397,0.8423,False
2016-03-09,0.0353,0.8511,False
2016-03-10,0.0366,0.8485,False
2016-03-11,0.0301,0.8623,False
2016-03-14,0.0301,0.8623,False
2016-03-15,0.0192,0.89,False
2016-03-16,0.0216,0.8832,False
2016-03-17,0.0228,0.8802,False
2016-03-18,0.0243,0.8763,False
2016-03-21,0.0231,0.8794,False
2016-03-22,0.0214,0.8839,False
2016-03-23,0.0194,0.8893,False
2016-03-24,0.014,0.9058,False
2016-03-28,0.0137,0.907,False
2016-03-29,0.0134,0.908,False
2016-03-30,0.0146,0.904,False
2016-03-31,0.0154,0.9014,False
2016-04-01,0.018,0.8933,False
2016-04-04,0.0202,0.8872,False
2016-04-05,0.0176,0.8946,False
2016-04-06,0.0163,0.8985,False
2016-04-07,0.0174,0.8951,False
2016-04-08,0.0206,0.8859,False
2016-04-11,0.0252,0.8741,False
2016-04-12,0.0254,0.8735,False
2016-04-13,0.0264,0.8711,False
2016-04-14,0.0277,0.868,False
2016-04-15,0.028,0.8673,False
2016-04-18,0.0246,0.8754,False
2016-04-19,0.0271,0.8693,False
2016-04-20,0.0288,0.8655,False
2016-04-21,0.0277,0.868,False
2016-04-22,0.0251,0.8742,False
2016-04-25,0.0244,0.8761,False
2016-04-26,0.0215,0.8834,False
2016-04-27,0.0173,0.8956,False
2016-04-28,0.0152,0.902,False
2016-04-29,0.0081,0.9284,False
2016-05-02,0.0153,0.9016,False
2016-05-03,0.0075,0.9311,False
2016-05-04,0.0055,0.941,False
2016-05-05,0.0052,0.9427,False
2016-05-06,0.0055,0.9409,False
2016-05-09,0.0048,0.9451,False
2016-05-10,0.0037,0.9517,False
2016-05-11,0.0043,0.9479,False
2016-05-12,0.0038,0.9509,False
2016-05-13,0.0026,0.9594,False
2016-05-16,0.0035,0.9527,False
2016-05-17,0.0043,0.9475,False
2016-05-18,0.0043,0.9478,False
2016-05-19,0.0028,0.9575,False
2016-05-20,0.0033,0.954,False
2016-05-23,0.0036,0.9521,False
2016-05-24,0.0025,0.9598,False
2016-05-25,0.0031,0.956,False
2016-05-26,0.0013,0.9708,False
2016-05-27,0.0022,0.9624,False
2016-05-31,0.0021,0.9633,False
2016-06-01,0.002,0.9647,False
2016-06-02,0.002,0.9645,False
2016-06-03,0.0027,0.9587,False
2016-06-06,0.0033,0.9542,False
2016-06-07,0.0026,0.9591,False
2016-06-08,0.0035,0.9527,False
2016-06-09,0.0026,0.9596,False
2016-06-10,0.0035,0.9527,False
2016-06-13,0.0039,0.9504,False
2016-06-14,0.0035,0.9531,False
2016-06-15,0.0044,0.9474,False
2016-06-16,0.0045,0.9467,False
2016-06-17,0.0032,0.9549,False
2016-06-20,0.0063,0.937,False
2016-06-21,0.0084,0.927,False
2016-06-22,0.0082,0.928,False
2016-06-23,0.0083,0.9273,False
2016-06-24,0.0099,0.9207,False
2016-06-27,0.0959,0.7571,False
2016-06-28,0.0407,0.8403,False
2016-06-29,0.0805,0.7768,False
2016-06-30,0.0878,0.7673,False
2016-07-01,0.0851,0.7708,False
2016-07-05,0.0849,0.771,False
2016-07-06,0.0852,0.7707,False
2016-07-07,0.0786,0.7795,False
2016-07-08,0.0674,0.7953,False
2016-07-11,0.0766,0.7822,False
2016-07-12,0.0737,0.7862,False
2016-07-13,0.0737,0.7863,False
2016-07-14,0.0751,0.7843,False
2016-07-15,0.0728,0.7875,False
2016-07-18,0.077,0.7817,False
2016-07-19,0.0856,0.7701,False
2016-07-20,0.078,0.7802,False
2016-07-21,0.0782,0.78,False
2016-07-22,0.032,0.8581,False
2016-07-25,0.0311,0.8602,False
2016-07-26,0.0319,0.8584,False
2016-07-27,0.033,0.856,False
2016-07-28,0.0355,0.8506,False
2016-07-29,0.1168,0.7328,False
2016-08-01,0.122,0.7272,False
2016-08-02,0.1204,0.7289,False
2016-08-03,0.1106,0.7398,False
2016-08-04,0.0984,0.7541,False
2016-08-05,0.0943,0.7591,False
2016-08-08,0.1121,0.7381,False
2016-08-09,0.1114,0.7388,False
2016-08-10,0.114,0.7359,False
2016-08-11,0.0409,0.84,False
2016-08-12,0.0379,0.8458,False
2016-08-15,0.0375,0.8467,False
2016-08-16,0.0363,0.8491,False
2016-08-17,0.0378,0.8459,False
2016-08-18,0.0364,0.8488,False
2016-08-19,0.0347,0.8525,False
2016-08-22,0.0461,0.8302,False
2016-08-23,0.2978,0.5858,False
2016-08-24,0.5007,0.4798,False
2016-08-25,0.4903,0.4845,False
2016-08-26,0.5179,0.4724,False
2016-08-29,0.5003,0.48,False
2016-08-30,0.4885,0.4852,False
2016-08-31,0.346,0.5569,False
2016-09-01,0.7256,0.3951,False
2016-09-02,0.5786,0.4476,False
2016-09-06,0.5744,0.4492,False
2016-09-07,0.5023,0.4791,False
2016-09-08,0.4956,0.4821,False
2016-09-09,0.4902,0.4845,False
2016-09-12,0.2738,0.6013,False
2016-09-13,0.2853,0.5937,False
2016-09-14,0.2868,0.5927,False
2016-09-15,0.3162,0.5744,False
2016-09-16,0.2456,0.6206,False
2016-09-19,0.3213,0.5713,False
2016-09-20,0.3406,0.56,False
2016-09-21,0.3456,0.5571,False
2016-09-22,0.3544,0.5522,False
2016-09-23,0.3505,0.5544,False
2016-09-26,0.3477,0.5559,False
2016-09-27,0.275,0.6005,False
2016-09-28,0.3425,0.5589,False
2016-09-29,0.5649,0.453,False
2016-09-30,0.639,0.4248,False
2016-10-03,0.6237,0.4304,False
2016-10-04,0.595,0.4412,False
2016-10-05,0.6172,0.4328,False
2016-10-06,0.6159,0.4333,False
2016-10-07,0.6144,0.4339,False
2016-10-10,0.609,0.4359,False
2016-10-11,0.5718,0.4503,False
2016-10-12,0.5663,0.4525,False
2016-10-13,0.543,0.4619,False
2016-10-14,0.5492,0.4593,False
2016-10-17,0.5573,0.456,False
2016-10-18,0.5549,0.457,False
2016-10-19,0.5609,0.4546,False
2016-10-20,0.5328,0.4661,False
2016-10-21,0.4863,0.4862,False
2016-10-24,0.3553,0.5517,False
2016-10-25,0.3573,0.5505,False
2016-10-26,0.2955,0.5872,False
2016-10-27,0.2935,0.5885,False
2016-10-28,0.2323,0.6303,False
2016-10-31,0.2313,0.631,False
2016-11-01,0.2236,0.6367,False
2016-11-02,0.2246,0.636,False
2016-11-03,0.228,0.6335,False
2016-11-04,0.232,0.6305,False
2016-11-07,0.2319,0.6306,False
2016-11-08,0.2396,0.6249,False
2016-11-09,0.2135,0.6444,False
2016-11-10,0.1684,0.6819,False
2016-11-11,0.1787,0.6728,False
2016-11-14,0.1789,0.6727,False
2016-11-15,0.1875,0.6654,False
2016-11-16,0.175,0.6761,False
2016-11-17,0.1572,0.6921,False
2016-11-18,0.1357,0.713,False
2016-11-21,0.1284,0.7204,False
2016-11-22,0.1348,0.7138,False
2016-11-23,0.133,0.7156,False
2016-11-25,0.1299,0.7188,False
2016-11-28,0.1286,0.7202,False
2016-11-29,0.129,0.7198,False
2016-11-30,0.1246,0.7244,False
2016-12-01,0.1321,0.7166,False
2016-12-02,0.1413,0.7073,False
2016-12-05,0.0766,0.7822,False
2016-12-06,0.0559,0.8133,False
2016-12-07,0.0552,0.8145,False
2016-12-08,0.0519,0.82,False
2016-12-09,0.0425,0.8369,False
2016-12-12,0.0314,0.8595,False
2016-12-13,0.0321,0.8579,False
2016-12-14,0.0354,0.8508,False
2016-12-15,0.04,0.8417,False
2016-12-16,0.0323,0.8575,False
2016-12-19,0.0379,0.8457,False
2016-12-20,0.034,0.8539,False
2016-12-21,0.0336,0.8546,False
2016-12-22,0.0326,0.8568,False
2016-12-23,0.0308,0.8607,False
2016-12-27,0.031,0.8605,False
2016-12-28,0.03,0.8627,False
2016-12-29,0.0298,0.8632,False
2016-12-30,0.0266,0.8707,False
2017-01-03,0.0348,0.8521,False
2017-01-04,0.0577,0.8104,False
2017-01-05,0.0557,0.8137,False
2017-01-06,0.1192,0.7302,False
2017-01-09,0.0623,0.8031,False
2017-01-10,0.0646,0.7996,False
2017-01-11,0.066,0.7975,False
2017-01-12,0.0605,0.8059,False
2017-01-13,0.0348,0.8521,False
2017-01-17,0.018,0.8932,False
2017-01-18,0.0499,0.8234,False
2017-01-19,0.0505,0.8223,False
2017-01-20,0.0506,0.8221,False
2017-01-23,0.0348,0.8521,False
2017-01-24,0.0351,0.8516,False
2017-01-25,0.0338,0.8542,False
2017-01-26,0.0162,0.899,False
2017-01-27,0.0354,0.8509,False
2017-01-30,0.0161,0.8992,False
2017-01-31,0.0012,0.9728,False
2017-02-01,0.0002,0.9884,False
2017-02-02,0.0002,0.9892,False
2017-02-03,0.0355,0.8507,False
2017-02-06,0.0196,0.8889,False
2017-02-07,0.0233,0.8789,False
2017-02-08,0.0278,0.8676,False
2017-02-09,0.0288,0.8654,False
2017-02-10,0.0287,0.8657,False
2017-02-13,0.0234,0.8786,False
2017-02-14,0.0032,0.9546,False
2017-02-15,0.0235,0.8783,False
2017-02-16,0.0253,0.8737,False
2017-02-17,0.0201,0.8873,False
2017-02-21,0.0134,0.9081,False
2017-02-22,0.006,0.9385,False
2017-02-23,0.0048,0.9447,False
2017-02-24,0.0044,0.947,False
2017-02-27,0.0049,0.944,False
2017-02-28,0.0038,0.9512,False
2017-03-01,0.0096,0.9222,False
2017-03-02,0.0933,0.7603,False
2017-03-03,0.0837,0.7726,False
2017-03-06,0.0847,0.7713,False
2017-03-07,0.0873,0.7679,False
2017-03-08,0.0905,0.7638,False
2017-03-09,0.0924,0.7614,False
2017-03-10,0.0908,0.7634,False
2017-03-13,0.1153,0.7345,False
2017-03-14,0.105,0.7462,False
2017-03-15,0.1047,0.7466,False
2017-03-16,0.099,0.7533,False
2017-03-17,0.1004,0.7516,False
2017-03-20,0.1006,0.7514,False
2017-03-21,0.101,0.7509,False
2017-03-22,0.0955,0.7576,False
2017-03-23,0.101,0.7509,False
2017-03-24,0.0966,0.7562,False
2017-03-27,0.0968,0.7559,False
2017-03-28,0.1157,0.7341,False
2017-03-29,0.1342,0.7145,False
2017-03-30,0.1334,0.7153,False
2017-03-31,0.1429,0.7057,False
2017-04-03,0.1425,0.7062,False
2017-04-04,0.1473,0.7015,False
2017-04-05,0.1577,0.6917,False
2017-04-06,0.1729,0.6779,False
2017-04-07,0.1986,0.6562,False
2017-04-10,0.1998,0.6553,False
2017-04-11,0.2069,0.6496,False
2017-04-12,0.2089,0.6481,False
2017-04-13,0.2092,0.6478,False
2017-04-17,0.2088,0.6481,False
2017-04-18,0.2106,0.6467,False
2017-04-19,0.2209,0.6387,False
2017-04-20,0.2193,0.6399,False
2017-04-21,0.2122,0.6455,False
2017-04-24,0.2132,0.6446,False
2017-04-25,0.1795,0.6721,False
2017-04-26,0.1809,0.671,False
2017-04-27,0.1871,0.6657,False
2017-04-28,0.0038,0.9507,False
2017-05-01,0.0146,0.9039,False
2017-05-02,0.0132,0.9086,False
2017-05-03,0.0099,0.9208,False
2017-05-04,0.011,0.9165,False
2017-05-05,0.0119,0.9131,False
2017-05-08,0.0123,0.9118,False
2017-05-09,0.0098,0.9213,False
2017-05-10,0.0092,0.9237,False
2017-05-11,0.0096,0.9219,False
2017-05-12,0.0098,0.9211,False
2017-05-15,0.0138,0.9065,False
2017-05-16,0.0167,0.8972,False
2017-05-17,0.0003,0.9873,False
2017-05-18,0.0062,0.9371,False
2017-05-19,0.0386,0.8444,False
2017-05-22,0.0369,0.8477,False
2017-05-23,0.04,0.8417,False
2017-05-24,0.0501,0.8231,False
2017-05-25,0.0551,0.8146,False
2017-05-26,0.0522,0.8194,False
2017-05-30,0.0486,0.8257,False
2017-05-31,0.0492,0.8247,False
2017-06-01,0.0488,0.8254,False
2017-06-02,0.046,0.8303,False
2017-06-05,0.0508,0.8219,False
2017-06-06,0.0544,0.8158,False
2017-06-07,0.0555,0.814,False
2017-06-08,0.0558,0.8135,False
2017-06-09,0.0562,0.8128,False
2017-06-12,0.0825,0.7742,False
2017-06-13,0.2432,0.6223,False
2017-06-14,0.2268,0.6343,False
2017-06-15,0.2269,0.6342,False
2017-06-16,0.2302,0.6318,False
2017-06-19,0.2196,0.6397,False
2017-06-20,0.1829,0.6692,False
2017-06-21,0.2107,0.6467,False
2017-06-22,0.2143,0.6438,False
2017-06-23,0.192,0.6617,False
2017-06-26,0.0003,0.9874,False
2017-06-27,0.0018,0.9659,False
2017-06-28,0.0542,0.8161,False
2017-06-29,0.1037,0.7477,False
2017-06-30,0.0928,0.7609,False
2017-07-03,0.1109,0.7394,False
2017-07-05,0.1044,0.7468,False
2017-07-06,0.095,0.7581,False
2017-07-07,0.0838,0.7725,False
2017-07-10,0.0922,0.7616,False
2017-07-11,0.0822,0.7746,False
2017-07-12,0.0836,0.7727,False
2017-07-13,0.0731,0.7871,False
2017-07-14,0.0864,0.7691,False
2017-07-17,0.1015,0.7503,False
2017-07-18,0.1059,0.7452,False
2017-07-19,0.1052,0.746,False
2017-07-20,0.1169,0.7327,False
2017-07-21,0.1061,0.745,False
2017-07-24,0.1071,0.7437,False
2017-07-25,0.1073,0.7436,False
2017-07-26,0.1106,0.7398,False
2017-07-27,0.113,0.737,False
2017-07-28,0.6003,0.4392,False
2017-07-31,0.5706,0.4508,False
2017-08-01,0.568,0.4518,False
2017-08-02,0.5652,0.4529,False
2017-08-03,0.5758,0.4487,False
2017-08-04,0.3228,0.5705,False
2017-08-07,0.3255,0.5689,False
2017-08-08,0.332,0.565,False
2017-08-09,0.3191,0.5727,False
2017-08-10,0.3147,0.5753,False
2017-08-11,0.2633,0.6084,False
2017-08-14,0.2288,0.6328,False
2017-08-15,0.2366,0.6271,False
2017-08-16,0.2453,0.6209,False
2017-08-17,0.2314,0.6309,False
2017-08-18,0.178,0.6735,False
2017-08-21,0.2077,0.6489,False
2017-08-22,0.2078,0.6489,False
2017-08-23,0.1846,0.6678,False
2017-08-24,0.1924,0.6613,False
2017-08-25,0.1928,0.6609,False
2017-08-28,0.1932,0.6607,False
2017-08-29,0.1944,0.6597,False
2017-08-30,0.1887,0.6644,False
2017-08-31,0.186,0.6667,False
2017-09-01,0.1588,0.6906,False
2017-09-05,0.1734,0.6775,False
2017-09-06,0.1699,0.6805,False
2017-09-07,0.1621,0.6875,False
2017-09-08,0.1667,0.6834,False
2017-09-11,0.1212,0.728,False
2017-09-12,0.0132,0.9085,False
2017-09-13,0.015,0.9025,False
2017-09-14,0.0091,0.9241,False
2017-09-15,0.3512,0.554,False
2017-09-18,0.2636,0.6081,False
2017-09-19,0.2686,0.6047,False
2017-09-20,0.2626,0.6088,False
2017-09-21,0.2513,0.6166,False
2017-09-22,0.2498,0.6177,False
2017-09-25,0.2717,0.6027,False
2017-09-26,0.2749,0.6006,False
2017-09-27,0.2457,0.6206,False
2017-09-28,0.2465,0.62,False
2017-09-29,0.234,0.629,False
2017-10-02,0.2365,0.6272,False
2017-10-03,0.2337,0.6292,False
2017-10-04,0.2323,0.6303,False
2017-10-05,0.2309,0.6313,False
2017-10-06,0.24,0.6247,False
2017-10-09,0.237,0.6268,False
2017-10-10,0.2319,0.6305,False
2017-10-11,0.305,0.5813,False
2017-10-12,0.3424,0.559,False
2017-10-13,0.3343,0.5636,False
2017-10-16,0.3381,0.5614,False
2017-10-17,0.3376,0.5617,False
2017-10-18,0.3634,0.5472,False
2017-10-19,0.3799,0.5382,False
2017-10-20,0.3825,0.5368,False
2017-10-23,0.4415,0.507,False
2017-10-24,0.4246,0.5152,False
2017-10-25,0.429,0.5131,False
2017-10-26,0.4263,0.5144,False
2017-10-27,0.3933,0.5311,False
2017-10-30,0.3605,0.5488,False
2017-10-31,0.3748,0.5409,False
2017-11-01,0.4098,0.5227,False
2017-11-02,0.4337,0.5108,False
2017-11-03,0.4277,0.5137,False
2017-11-06,0.4361,0.5096,False
2017-11-07,0.5373,0.4643,False
2017-11-08,0.5579,0.4558,False
2017-11-09,0.5604,0.4548,False
2017-11-10,0.5093,0.4761,False
2017-11-13,0.4497,0.5031,False
2017-11-14,0.4404,0.5075,False
2017-11-15,0.6553,0.419,False
2017-11-16,0.6733,0.4127,False
2017-11-17,0.6612,0.4169,False
2017-11-20,0.6592,0.4176,False
2017-11-21,0.636,0.4259,False
2017-11-22,0.6468,0.422,False
2017-11-24,0.6713,0.4134,False
2017-11-27,0.684,0.409,False
2017-11-28,0.6781,0.411,False
2017-11-29,0.6809,0.4101,False
2017-11-30,0.667,0.4149,False
2017-12-01,0.5116,0.4751,False
2017-12-04,0.5732,0.4497,False
2017-12-05,0.5877,0.444,False
2017-12-06,0.5687,0.4515,False
2017-12-07,0.565,0.4529,False
2017-12-08,0.5856,0.4449,False
2017-12-11,0.5817,0.4464,False
2017-12-12,0.5773,0.4481,False
2017-12-13,0.5908,0.4428,False
2017-12-14,0.5896,0.4433,False
2017-12-15,0.591,0.4428,False
2017-12-18,0.6088,0.436,False
2017-12-19,0.6288,0.4285,False
2017-12-20,0.6351,0.4262,False
2017-12-21,0.6474,0.4218,False
2017-12-22,0.6455,0.4225,False
2017-12-26,0.6429,0.4234,False
2017-12-27,0.6431,0.4233,False
2017-12-28,0.7199,0.397,False
2017-12-29,0.7321,0.393,False
2018-01-02,0.7175,0.3978,False
2018-01-03,0.6772,0.4113,False
2018-01-04,0.7207,0.3967,False
2018-01-05,0.6931,0.4059,False
2018-01-08,0.6919,0.4063,False
2018-01-09,0.6893,0.4072,False
2018-01-10,0.6769,0.4115,False
2018-01-11,0.6773,0.4113,False
2018-01-12,0.6845,0.4088,False
2018-01-16,0.6931,0.4059,False
2018-01-17,0.6985,0.4041,False
2018-01-18,0.7104,0.4001,False
2018-01-19,0.7282,0.3943,False
2018-01-22,0.7291,0.394,False
2018-01-23,0.753,0.3864,False
2018-01-24,0.7659,0.3823,False
2018-01-25,0.7382,0.3911,False
2018-01-26,0.7541,0.386,False
2018-01-29,0.5768,0.4483,False
2018-01-30,0.5414,0.4626,False
2018-01-31,0.5348,0.4653,False
2018-02-01,0.5225,0.4705,False
2018-02-02,0.3413,0.5596,False
2018-02-05,0.5571,0.4561,False
2018-02-06,15.0654,0.0001,True
2018-02-07,8.1583,0.0046,True
2018-02-08,6.975,0.0088,True
2018-02-09,6.9571,0.0089,True
2018-02-12,8.8076,0.0033,True
2018-02-13,8.4537,0.004,True
2018-02-14,6.6992,0.0102,True
2018-02-15,6.6273,0.0106,True
2018-02-16,6.4922,0.0114,True
2018-02-20,5.6965,0.0177,True
2018-02-21,5.7075,0.0176,True
2018-02-22,5.7093,0.0176,True
2018-02-23,5.7151,0.0176,True
2018-02-26,5.5643,0.0191,True
2018-02-27,5.5153,0.0196,True
2018-02-28,5.5376,0.0194,True
2018-03-01,5.6348,0.0184,True
2018-03-02,5.5448,0.0193,True
2018-03-05,5.5229,0.0196,True
2018-03-06,5.4704,0.0201,True
2018-03-07,5.511,0.0197,True
2018-03-08,5.5157,0.0196,True
2018-03-09,5.493,0.0199,True
2018-03-12,5.4249,0.0207,True
2018-03-13,5.4698,0.0201,True
2018-03-14,5.4201,0.0207,True
2018-03-15,5.4966,0.0198,True
2018-03-16,5.4988,0.0198,True
2018-03-19,5.4951,0.0199,True
2018-03-20,5.1675,0.0239,True
2018-03-21,5.3665,0.0213,True
2018-03-22,5.3341,0.0217,True
2018-03-23,6.5744,0.0109,True
2018-03-26,5.0664,0.0253,True
2018-03-27,3.8397,0.0512,False
2018-03-28,6.046,0.0146,True
2018-03-29,6.807,0.0096,True
2018-04-02,6.6339,0.0106,True
2018-04-03,5.1523,0.0241,True
2018-04-04,5.9383,0.0155,True
2018-04-05,5.838,0.0164,True
2018-04-06,5.779,0.017,True
2018-04-09,5.4033,0.0209,True
2018-04-10,5.2941,0.0222,True
2018-04-11,5.1414,0.0242,True
2018-04-12,5.2329,0.023,True
2018-04-13,5.2054,0.0234,True
2018-04-16,5.2227,0.0231,True
2018-04-17,5.229,0.0231,True
2018-04-18,4.9564,0.0269,True
2018-04-19,5.1827,0.0237,True
2018-04-20,5.1759,0.0238,True
2018-04-23,5.5531,0.0192,True
2018-04-24,4.1095,0.0437,True
2018-04-25,3.8913,0.0496,True
2018-04-26,4.0722,0.0447,True
2018-04-27,3.9124,0.049,True
2018-04-30,4.1897,0.0417,True
2018-05-01,4.1875,0.0418,True
2018-05-02,4.3213,0.0387,True
2018-05-03,4.1776,0.042,True
2018-05-04,3.1263,0.0783,False
2018-05-07,3.0005,0.0845,False
2018-05-08,2.5312,0.1129,False
2018-05-09,2.7167,0.1006,False
2018-05-10,2.6912,0.1022,False
2018-05-11,2.6758,0.1032,False
2018-05-14,2.6648,0.1039,False
2018-05-15,2.702,0.1015,False
2018-05-16,2.6702,0.1035,False
2018-05-17,2.9714,0.086,False
2018-05-18,3.3668,0.0677,False
2018-05-21,3.3989,0.0664,False
2018-05-22,3.4137,0.0658,False
2018-05-23,3.3977,0.0665,False
2018-05-24,3.3818,0.0671,False
2018-05-25,3.4138,0.0658,False
2018-05-29,3.3944,0.0666,False
2018-05-30,3.3877,0.0669,False
2018-05-31,3.3739,0.0674,False
2018-06-01,3.3995,0.0664,False
2018-06-04,3.3595,0.068,False
2018-06-05,3.3608,0.068,False
2018-06-06,3.3873,0.0669,False
2018-06-07,3.3739,0.0674,False
2018-06-08,3.3615,0.0679,False
2018-06-11,3.6871,0.056,False
2018-06-12,4.7803,0.0297,True
2018-06-13,4.875,0.0282,True
2018-06-14,4.8785,0.0281,True
2018-06-15,4.8715,0.0282,True
2018-06-18,4.9145,0.0275,True
2018-06-19,4.8593,0.0284,True
2018-06-20,5.1442,0.0242,True
2018-06-21,5.1225,0.0245,True
2018-06-22,5.0728,0.0252,True
2018-06-25,5.0953,0.0249,True
2018-06-26,4.8176,0.0291,True
2018-06-27,5.1813,0.0237,True
2018-06-28,5.2158,0.0232,True
2018-06-29,5.3091,0.022,True
2018-07-02,5.2755,0.0225,True
2018-07-03,5.3044,0.0221,True
2018-07-05,5.2985,0.0222,True
2018-07-06,5.3027,0.0221,True
2018-07-09,5.2209,0.0232,True
2018-07-10,5.2231,0.0231,True
2018-07-11,5.178,0.0237,True
2018-07-12,5.225,0.0231,True
2018-07-13,5.1658,0.0239,True
2018-07-16,5.1943,0.0235,True
2018-07-17,5.1946,0.0235,True
2018-07-18,5.1993,0.0234,True
2018-07-19,5.212,0.0233,True
2018-07-20,5.1988,0.0235,True
2018-07-23,5.1938,0.0235,True
2018-07-24,5.1967,0.0235,True
2018-07-25,5.2328,0.023,True
2018-07-26,5.1761,0.0238,True
2018-07-27,5.0883,0.025,True
2018-07-30,5.1362,0.0243,True
2018-07-31,5.1361,0.0243,True
2018-08-01,5.1767,0.0237,True
2018-08-02,5.2129,0.0233,True
2018-08-03,5.8713,0.0161,True
2018-08-06,5.4975,0.0198,True
2018-08-07,5.5031,0.0198,True
2018-08-08,5.5701,0.019,True
2018-08-09,5.565,0.0191,True
2018-08-10,5.7739,0.017,True
2018-08-13,6.2776,0.0129,True
2018-08-14,6.3128,0.0126,True
2018-08-15,6.3295,0.0125,True
2018-08-16,6.302,0.0127,True
2018-08-17,6.5909,0.0108,True
2018-08-20,6.5362,0.0112,True
2018-08-21,6.3965,0.0121,True
2018-08-22,6.4809,0.0115,True
2018-08-23,6.5107,0.0113,True
2018-08-24,6.5146,0.0113,True
2018-08-27,6.4835,0.0115,True
2018-08-28,6.4549,0.0117,True
2018-08-29,6.4971,0.0114,True
2018-08-30,6.4961,0.0114,True
2018-08-31,6.4838,0.0115,True
2018-09-04,6.4189,0.0119,True
2018-09-05,6.4167,0.0119,True
2018-09-06,6.3649,0.0123,True
2018-09-07,6.3669,0.0123,True
2018-09-10,6.3186,0.0126,True
2018-09-11,6.3172,0.0126,True
2018-09-12,6.3786,0.0122,True
2018-09-13,6.1306,0.014,True
2018-09-14,6.1292,0.014,True
2018-09-17,5.9171,0.0157,True
2018-09-18,5.9145,0.0157,True
2018-09-19,5.7135,0.0176,True
2018-09-20,5.7403,0.0173,True
2018-09-21,5.7501,0.0172,True
2018-09-24,5.8582,0.0162,True
2018-09-25,5.8617,0.0162,True
2018-09-26,5.7891,0.0169,True
2018-09-27,5.8096,0.0167,True
2018-09-28,5.7694,0.017,True
2018-10-01,5.6467,0.0182,True
2018-10-02,5.6337,0.0184,True
2018-10-03,5.6242,0.0185,True
2018-10-04,5.6078,0.0186,True
2018-10-05,5.6139,0.0186,True
2018-10-08,5.6193,0.0185,True
2018-10-09,5.5706,0.019,True
2018-10-10,5.5801,0.0189,True
2018-10-11,4.6213,0.0325,True
2018-10-12,3.6601,0.0569,False
2018-10-15,3.2997,0.0705,False
2018-10-16,3.0876,0.0801,False
2018-10-17,3.4688,0.0637,False
2018-10-18,3.653,0.0571,False
2018-10-19,3.4872,0.063,False
2018-10-22,3.6156,0.0584,False
2018-10-23,3.5734,0.0599,False
2018-10-24,3.5577,0.0604,False
2018-10-25,2.6921,0.1021,False
2018-10-26,2.0051,0.158,False
2018-10-29,1.9017,0.1691,False
2018-10-30,2.1462,0.1442,False
2018-10-31,2.215,0.1379,False
2018-11-01,2.035,0.155,False
2018-11-02,2.0166,0.1568,False
2018-11-05,2.0145,0.1571,False
2018-11-06,0.6129,0.4344,False
2018-11-07,0.5787,0.4476,False
2018-11-08,0.5232,0.4702,False
2018-11-09,0.4999,0.4802,False
2018-11-12,0.4726,0.4924,False
2018-11-13,0.4727,0.4924,False
2018-11-14,0.1293,0.7195,False
2018-11-15,0.1328,0.7158,False
2018-11-16,0.1689,0.6815,False
2018-11-19,0.148,0.7007,False
2018-11-20,0.1321,0.7166,False
2018-11-21,0.1174,0.7321,False
2018-11-23,0.0464,0.8296,False
2018-11-26,0.0487,0.8256,False
2018-11-27,0.0837,0.7725,False
2018-11-28,0.1034,0.7481,False
2018-11-29,0.075,0.7844,False
2018-11-30,0.0436,0.8348,False
2018-12-03,0.0448,0.8326,False
2018-12-04,0.0407,0.8403,False
2018-12-06,0.355,0.5519,False
2018-12-07,0.2378,0.6262,False
2018-12-10,0.204,0.6519,False
2018-12-11,0.1792,0.6725,False
2018-12-12,0.1841,0.6683,False
2018-12-13,0.1964,0.658,False
2018-12-14,0.2019,0.6536,False
2018-12-17,0.1913,0.6622,False
2018-12-18,0.225,0.6357,False
2018-12-19,0.258,0.612,False
2018-12-20,0.2552,0.6139,False
2018-12-21,0.2449,0.6211,False
2018-12-24,0.3358,0.5628,False
2018-12-26,0.3978,0.5288,False
2018-12-27,0.2681,0.6051,False
2018-12-28,0.063,0.8021,False
2018-12-31,0.0623,0.8031,False
2019-01-02,0.0618,0.8039,False
2019-01-03,0.0652,0.7986,False
2019-01-04,0.044,0.834,False
2019-01-07,7.4586,0.0068,True
2019-01-08,7.5913,0.0063,True
2019-01-09,7.6073,0.0062,True
2019-01-10,7.565,0.0064,True
2019-01-11,7.5243,0.0065,True
2019-01-14,7.526,0.0065,True
2019-01-15,7.5115,0.0066,True
2019-01-16,7.4988,0.0066,True
2019-01-17,7.5209,0.0065,True
2019-01-18,7.5245,0.0065,True
2019-01-22,7.5214,0.0065,True
2019-01-23,7.459,0.0068,True
2019-01-24,7.4486,0.0068,True
2019-01-25,7.4338,0.0069,True
2019-01-28,7.4633,0.0067,True
2019-01-29,7.3809,0.0071,True
2019-01-30,7.335,0.0072,True
2019-01-31,7.2902,0.0074,True
2019-02-01,6.4898,0.0115,True
2019-02-04,6.534,0.0112,True
2019-02-05,6.59,0.0108,True
2019-02-06,5.1348,0.0243,True
2019-02-07,5.5345,0.0194,True
2019-02-08,5.6271,0.0184,True
2019-02-11,5.7996,0.0168,True
2019-02-12,5.6445,0.0183,True
2019-02-13,5.6768,0.0179,True
2019-02-14,5.9793,0.0152,True
2019-02-15,6.0026,0.015,True
2019-02-19,6.0434,0.0146,True
2019-02-20,6.1904,0.0135,True
2019-02-21,6.1872,0.0135,True
2019-02-22,6.1816,0.0136,True
2019-02-25,6.1782,0.0136,True
2019-02-26,6.2021,0.0134,True
2019-02-27,6.1934,0.0135,True
2019-02-28,6.2095,0.0134,True
2019-03-01,6.1821,0.0136,True
2019-03-04,6.2007,0.0134,True
2019-03-05,6.1906,0.0135,True
2019-03-06,6.1918,0.0135,True
2019-03-07,6.1661,0.0137,True
2019-03-08,6.1505,0.0138,True
2019-03-11,6.176,0.0136,True
2019-03-12,6.1495,0.0138,True
2019-03-13,5.9781,0.0152,True
2019-03-14,5.9803,0.0152,True
2019-03-15,5.9597,0.0153,True
2019-03-18,5.9559,0.0154,True
2019-03-19,5.9478,0.0154,True
2019-03-20,5.9951,0.015,True
2019-03-21,5.9052,0.0158,True
2019-03-22,5.8848,0.016,True
2019-03-25,5.9577,0.0154,True
2019-03-26,6.4168,0.0119,True
2019-03-27,7.2169,0.0077,True
2019-03-28,7.1044,0.0082,True
2019-03-29,6.9849,0.0087,True
2019-04-01,7.032,0.0085,True
2019-04-02,7.5057,0.0066,True
2019-04-03,7.4183,0.0069,True
2019-04-04,7.4232,0.0069,True
2019-04-05,7.4273,0.0069,True
2019-04-08,7.5568,0.0064,True
2019-04-09,7.5086,0.0066,True
2019-04-10,7.5407,0.0065,True
2019-04-11,7.4772,0.0067,True
2019-04-12,7.4936,0.0066,True
2019-04-15,7.468,0.0067,True
2019-04-16,7.4749,0.0067,True
2019-04-17,7.5669,0.0064,True
2019-04-18,7.4683,0.0067,True
2019-04-22,7.4136,0.0069,True
2019-04-23,7.3789,0.0071,True
2019-04-24,7.7387,0.0058,True
2019-04-25,7.8246,0.0056,True
2019-04-26,7.7211,0.0059,True
2019-04-29,7.7811,0.0057,True
2019-04-30,7.6457,0.0061,True
2019-05-01,7.6591,0.0061,True
2019-05-02,7.6274,0.0062,True
2019-05-03,7.1232,0.0081,True
2019-05-06,7.5425,0.0065,True
2019-05-07,7.6273,0.0062,True
2019-05-08,7.8176,0.0056,True
2019-05-09,7.7618,0.0057,True
2019-05-10,7.7734,0.0057,True
2019-05-13,7.7641,0.0057,True
2019-05-14,7.5958,0.0063,True
2019-05-15,6.9945,0.0087,True
2019-05-16,6.9904,0.0087,True
2019-05-17,6.9843,0.0087,True
2019-05-20,6.9862,0.0087,True
2019-05-21,6.9375,0.009,True
2019-05-22,6.8649,0.0093,True
2019-05-23,6.832,0.0095,True
2019-05-24,6.845,0.0094,True
2019-05-28,6.845,0.0094,True
2019-05-29,6.8421,0.0094,True
2019-05-30,6.8385,0.0095,True
2019-05-31,6.8513,0.0094,True
2019-06-03,6.8077,0.0096,True
2019-06-04,6.7498,0.0099,True
2019-06-05,6.239,0.0131,True
2019-06-06,6.1915,0.0135,True
2019-06-07,6.1767,0.0136,True
2019-06-10,6.1573,0.0138,True
2019-06-11,6.1224,0.014,True
2019-06-12,6.1417,0.0139,True
2019-06-13,6.1244,0.014,True
2019-06-14,6.1248,0.014,True
2019-06-17,6.1435,0.0139,True
2019-06-18,6.1157,0.0141,True
2019-06-19,6.1065,0.0141,True
2019-06-20,6.0641,0.0145,True
2019-06-21,6.0902,0.0143,True
2019-06-24,6.1021,0.0142,True
2019-06-25,6.0883,0.0143,True
2019-06-26,6.1342,0.0139,True
2019-06-27,6.0646,0.0145,True
2019-06-28,6.0123,0.0149,True
2019-07-01,5.9947,0.015,True
2019-07-02,5.9696,0.0153,True
2019-07-03,5.9613,0.0153,True
2019-07-05,5.9696,0.0153,True
2019-07-08,5.9873,0.0151,True
2019-07-09,6.0204,0.0148,True
2019-07-10,5.9558,0.0154,True
2019-07-11,5.9579,0.0154,True
2019-07-12,5.9683,0.0153,True
2019-07-15,5.9773,0.0152,True
2019-07-16,5.946,0.0155,True
2019-07-17,5.9355,0.0155,True
2019-07-18,5.9398,0.0155,True
2019-07-19,5.9337,0.0156,True
2019-07-22,5.9218,0.0157,True
2019-07-23,5.9057,0.0158,True
2019-07-24,5.8499,0.0163,True
2019-07-25,5.8455,0.0163,True
2019-07-26,5.862,0.0162,True
2019-07-29,5.8932,0.0159,True
2019-07-30,5.9362,0.0155,True
2019-07-31,5.9451,0.0155,True
2019-08-01,5.897,0.0159,True
2019-08-02,5.8667,0.0161,True
2019-08-05,6.1838,0.0136,True
2019-08-06,6.105,0.0142,True
2019-08-07,5.9065,0.0158,True
2019-08-08,5.8927,0.0159,True
2019-08-09,5.8573,0.0162,True
2019-08-12,5.8802,0.016,True
2019-08-13,5.8818,0.016,True
2019-08-14,5.7463,0.0173,True
2019-08-15,6.2872,0.0128,True
2019-08-16,6.431,0.0118,True
2019-08-19,6.3666,0.0123,True
2019-08-20,6.387,0.0121,True
2019-08-21,6.4606,0.0116,True
2019-08-22,6.4789,0.0115,True
2019-08-23,6.477,0.0115,True
2019-08-26,6.2123,0.0133,True
2019-08-27,6.133,0.0139,True
2019-08-28,6.1295,0.014,True
2019-08-29,6.0933,0.0142,True
2019-08-30,6.0848,0.0143,True
2019-09-03,6.1011,0.0142,True
2019-09-04,6.1071,0.0141,True
2019-09-05,6.1114,0.0141,True
2019-09-06,6.0892,0.0143,True
2019-09-09,6.0983,0.0142,True
2019-09-10,6.1268,0.014,True
2019-09-11,6.1322,0.0139,True
2019-09-12,6.1383,0.0139,True
2019-09-13,6.0706,0.0144,True
2019-09-16,6.0916,0.0143,True
2019-09-17,6.1068,0.0141,True
2019-09-18,6.1223,0.014,True
2019-09-19,6.1904,0.0135,True
2019-09-20,6.1578,0.0137,True
2019-09-23,6.1551,0.0138,True
2019-09-24,6.1296,0.014,True
2019-09-25,6.125,0.014,True
2019-09-26,6.1642,0.0137,True
2019-09-27,6.1619,0.0137,True
2019-09-30,6.1596,0.0137,True
2019-10-01,6.233,0.0132,True
2019-10-02,6.1768,0.0136,True
2019-10-03,6.1388,0.0139,True
2019-10-04,6.1249,0.014,True
2019-10-07,6.1185,0.014,True
2019-10-08,6.0206,0.0148,True
2019-10-09,6.005,0.015,True
2019-10-10,6.0111,0.0149,True
2019-10-11,6.4808,0.0115,True
2019-10-14,6.2441,0.0131,True
2019-10-15,6.3931,0.0121,True
2019-10-16,6.3932,0.0121,True
2019-10-17,6.4338,0.0118,True
2019-10-18,6.2129,0.0133,True
2019-10-21,6.2884,0.0128,True
2019-10-22,6.219,0.0133,True
2019-10-23,6.2296,0.0132,True
2019-10-24,6.2459,0.0131,True
2019-10-25,7.202,0.0078,True
2019-10-28,9.9966,0.0018,True
2019-10-29,11.2335,0.0009,True
2019-10-30,11.7045,0.0007,True
2019-10-31,11.6831,0.0007,True
2019-11-01,12.1266,0.0006,True
2019-11-04,12.0495,0.0006,True
2019-11-05,11.932,0.0006,True
2019-11-06,15.2727,0.0001,True
2019-11-07,15.5089,0.0001,True
2019-11-08,15.9977,0.0001,True
2019-11-11,15.6801,0.0001,True
2019-11-12,15.7606,0.0001,True
2019-11-13,16.4757,0.0001,True
2019-11-14,17.2509,0.0,True
2019-11-15,17.2439,0.0,True
2019-11-18,17.0822,0.0,True
2019-11-19,17.0948,0.0,True
2019-11-20,17.6372,0.0,True
2019-11-21,17.7019,0.0,True
2019-11-22,18.738,0.0,True
2019-11-25,18.7187,0.0,True
2019-11-26,18.361,0.0,True
2019-11-27,18.0849,0.0,True
2019-11-29,18.8308,0.0,True
2019-12-02,18.6037,0.0,True
2019-12-03,18.6046,0.0,True
2019-12-04,18.7092,0.0,True
2019-12-05,17.9571,0.0,True
2019-12-06,17.483,0.0,True
2019-12-09,18.3396,0.0,True
2019-12-10,17.993,0.0,True
2019-12-11,17.8985,0.0,True
2019-12-12,17.8977,0.0,True
2019-12-13,17.8518,0.0,True
2019-12-16,18.0179,0.0,True
2019-12-17,18.1978,0.0,True
2019-12-18,17.9148,0.0,True
2019-12-19,18.0998,0.0,True
2019-12-20,18.1131,0.0,True
2019-12-23,18.2827,0.0,True
2019-12-24,18.7741,0.0,True
2019-12-26,58.8039,0.0,True
2019-12-27,48.9004,0.0,True
2019-12-30,48.712,0.0,True
2019-12-31,48.7069,0.0,True
2020-01-02,48.6979,0.0,True
2020-01-03,55.3411,0.0,True
2020-01-06,0.8013,0.3716,False
2020-01-07,0.4466,0.5046,False
2020-01-08,0.4454,0.5051,False
2020-01-09,0.4525,0.5018,False
2020-01-10,0.4644,0.4962,False
2020-01-13,0.4257,0.5147,False
2020-01-14,0.4232,0.516,False
2020-01-15,0.3973,0.5291,False
2020-01-16,0.3133,0.5762,False
2020-01-17,0.3162,0.5744,False
2020-01-21,0.3236,0.57,False
2020-01-22,0.4114,0.5218,False
2020-01-23,0.3391,0.5609,False
2020-01-24,0.3411,0.5597,False
2020-01-27,0.3461,0.5569,False
2020-01-28,0.2249,0.6358,False
2020-01-29,0.2147,0.6435,False
2020-01-30,0.2621,0.6091,False
2020-01-31,0.137,0.7116,False
2020-02-03,0.0898,0.7647,False
2020-02-04,0.2651,0.6071,False
2020-02-05,0.0707,0.7906,False
2020-02-06,0.0749,0.7845,False
2020-02-07,0.0796,0.7781,False
2020-02-10,0.0798,0.7778,False
2020-02-11,0.0819,0.7749,False
2020-02-12,0.108,0.7427,False
2020-02-13,0.0739,0.7859,False
2020-02-14,0.0521,0.8196,False
2020-02-18,0.0507,0.8221,False
2020-02-19,0.0501,0.823,False
2020-02-20,0.0498,0.8236,False
2020-02-21,0.0497,0.8238,False
2020-02-24,0.0319,0.8585,False
2020-02-25,0.072,0.7887,False
2020-02-26,0.2505,0.6172,False
2020-02-27,0.1864,0.6663,False
2020-02-28,0.0,0.9954,False
2020-03-02,0.0101,0.9202,False
2020-03-03,0.0008,0.9769,False
2020-03-04,1.1782,0.2788,False
2020-03-05,0.0006,0.9807,False
2020-03-06,0.1079,0.7428,False
2020-03-09,0.0988,0.7535,False
2020-03-10,1.1483,0.285,False
2020-03-11,2.9872,0.0852,False
2020-03-12,2.8147,0.0947,False
2020-03-13,24.6924,0.0,True
2020-03-16,21.993,0.0,True
2020-03-17,3.4963,0.0627,False
2020-03-18,21.3403,0.0,True
2020-03-19,27.2801,0.0,True
2020-03-20,27.6321,0.0,True
2020-03-23,27.2581,0.0,True
2020-03-24,23.0446,0.0,True
2020-03-25,22.3922,0.0,True
2020-03-26,15.1346,0.0001,True
2020-03-27,14.5433,0.0002,True
2020-03-30,14.6714,0.0002,True
2020-03-31,14.697,0.0002,True
2020-04-01,15.0313,0.0001,True
2020-04-02,14.6469,0.0002,True
2020-04-03,14.3373,0.0002,True
2020-04-06,14.3547,0.0002,True
2020-04-07,13.007,0.0004,True
2020-04-08,11.2264,0.0009,True
2020-04-09,11.2147,0.0009,True
2020-04-13,11.2088,0.0009,True
2020-04-14,11.206,0.0009,True
2020-04-15,11.2018,0.0009,True
2020-04-16,11.1538,0.001,True
2020-04-17,11.1287,0.001,True
2020-04-20,11.208,0.0009,True
2020-04-21,11.2006,0.0009,True
2020-04-22,11.2395,0.0009,True
2020-04-23,11.178,0.001,True
2020-04-24,11.2807,0.0009,True
2020-04-27,11.2703,0.0009,True
2020-04-28,11.1883,0.001,True
2020-04-29,11.1601,0.001,True
2020-04-30,11.0109,0.001,True
2020-05-01,12.0074,0.0006,True
2020-05-04,12.1006,0.0006,True
2020-05-05,12.2218,0.0006,True
2020-05-06,12.2221,0.0006,True
2020-05-07,12.2698,0.0005,True
2020-05-08,12.2611,0.0005,True
2020-05-11,12.2659,0.0005,True
2020-05-12,12.2218,0.0006,True
2020-05-13,13.5943,0.0003,True
2020-05-14,13.6473,0.0003,True
2020-05-15,13.6387,0.0003,True
2020-05-18,13.6498,0.0003,True
2020-05-19,13.648,0.0003,True
2020-05-20,13.7711,0.0003,True
2020-05-21,13.7824,0.0003,True
2020-05-22,13.8228,0.0002,True
2020-05-26,13.8307,0.0002,True
2020-05-27,13.83,0.0002,True
2020-05-28,13.8284,0.0002,True
2020-05-29,13.8236,0.0002,True
2020-06-01,13.8259,0.0002,True
2020-06-02,13.8874,0.0002,True
2020-06-03,14.0686,0.0002,True
2020-06-04,14.1816,0.0002,True
2020-06-05,14.2013,0.0002,True
2020-06-08,14.1879,0.0002,True
2020-06-09,14.1581,0.0002,True
2020-06-10,14.156,0.0002,True
2020-06-11,14.0204,0.0002,True
2020-06-12,14.3239,0.0002,True
2020-06-15,15.0049,0.0001,True
2020-06-16,15.0028,0.0001,True
2020-06-17,15.0,0.0001,True
2020-06-18,14.981,0.0001,True
2020-06-19,14.986,0.0001,True
2020-06-22,14.9794,0.0001,True
2020-06-23,14.9713,0.0001,True
2020-06-24,14.9009,0.0001,True
2020-06-25,14.8776,0.0001,True
2020-06-26,14.9956,0.0001,True
2020-06-29,14.9677,0.0001,True
2020-06-30,14.9179,0.0001,True
2020-07-01,14.9276,0.0001,True
2020-07-02,14.9698,0.0001,True
2020-07-06,14.986,0.0001,True
2020-07-07,14.9288,0.0001,True
2020-07-08,15.014,0.0001,True
2020-07-09,15.0108,0.0001,True
2020-07-10,14.9511,0.0001,True
2020-07-13,14.964,0.0001,True
2020-07-14,14.928,0.0001,True
2020-07-15,15.022,0.0001,True
2020-07-16,14.9885,0.0001,True
2020-07-17,14.982,0.0001,True
2020-07-20,14.9847,0.0001,True
2020-07-21,14.9404,0.0001,True
2020-07-22,15.1508,0.0001,True
2020-07-23,15.1464,0.0001,True
2020-07-24,15.0895,0.0001,True
2020-07-27,14.4714,0.0002,True
2020-07-28,14.4304,0.0002,True
2020-07-29,14.4182,0.0002,True
2020-07-30,14.4201,0.0002,True
2020-07-31,14.4163,0.0002,True
2020-08-03,14.4364,0.0002,True
2020-08-04,7.0174,0.0086,True
2020-08-05,7.2999,0.0074,True
2020-08-06,7.3054,0.0073,True
2020-08-07,7.3133,0.0073,True
2020-08-10,7.2168,0.0077,True
2020-08-11,7.1887,0.0078,True
2020-08-12,7.2126,0.0077,True
2020-08-13,7.1233,0.0081,True
2020-08-14,7.0211,0.0086,True
2020-08-17,7.0108,0.0086,True
2020-08-18,7.0167,0.0086,True
2020-08-19,7.0228,0.0086,True
2020-08-20,7.0243,0.0086,True
2020-08-21,7.0176,0.0086,True
2020-08-24,7.0626,0.0084,True
2020-08-25,6.8803,0.0093,True
2020-08-26,6.877,0.0093,True
2020-08-27,6.8639,0.0093,True
2020-08-28,6.923,0.009,True
2020-08-31,6.9103,0.0091,True
2020-09-01,6.913,0.0091,True
2020-09-02,6.8956,0.0092,True
2020-09-03,6.7735,0.0098,True
2020-09-04,6.7707,0.0098,True
2020-09-08,5.0217,0.0259,True
2020-09-09,4.7468,0.0303,True
2020-09-10,4.4395,0.0361,True
2020-09-11,4.4728,0.0354,True
2020-09-14,4.4208,0.0365,True
2020-09-15,4.4314,0.0363,True
2020-09-16,4.4072,0.0368,True
2020-09-17,4.4013,0.0369,True
2020-09-18,4.3832,0.0373,True
2020-09-21,4.3893,0.0372,True
2020-09-22,4.3264,0.0386,True
2020-09-23,4.3313,0.0384,True
2020-09-24,4.2639,0.04,True
2020-09-25,4.179,0.042,True
2020-09-28,4.1683,0.0422,True
2020-09-29,4.1387,0.043,True
2020-09-30,4.1655,0.0423,True
2020-10-01,4.1749,0.0421,True
2020-10-02,4.1805,0.0419,True
2020-10-05,4.1275,0.0433,True
2020-10-06,4.1596,0.0425,True
2020-10-07,4.1534,0.0426,True
2020-10-08,4.1292,0.0432,True
2020-10-09,4.141,0.0429,True
2020-10-12,4.1395,0.043,True
2020-10-13,4.137,0.043,True
2020-10-14,3.6493,0.0572,False
2020-10-15,3.6035,0.0588,False
2020-10-16,3.6072,0.0587,False
2020-10-19,3.6121,0.0585,False
2020-10-20,3.601,0.0589,False
2020-10-21,3.59,0.0593,False
2020-10-22,3.5777,0.0597,False
2020-10-23,3.5846,0.0595,False
2020-10-26,3.5766,0.0598,False
2020-10-27,3.5725,0.0599,False
2020-10-28,3.5883,0.0594,False
2020-10-29,3.5626,0.0603,False
2020-10-30,3.5393,0.0611,False
2020-11-02,3.5812,0.0596,False
2020-11-03,3.2646,0.072,False
2020-11-04,3.2524,0.0725,False
2020-11-05,3.124,0.0784,False
2020-11-06,3.2019,0.0748,False
2020-11-09,3.1759,0.076,False
2020-11-10,3.1588,0.0767,False
2020-11-11,3.16,0.0767,False
2020-11-12,3.1374,0.0777,False
2020-11-13,3.1242,0.0784,False
2020-11-16,3.1261,0.0783,False
2020-11-17,3.1315,0.078,False
2020-11-18,3.1333,0.0779,False
2020-11-19,3.1315,0.078,False
2020-11-20,3.1318,0.078,False
2020-11-23,3.1337,0.0779,False
2020-11-24,3.1365,0.0778,False
2020-11-25,3.117,0.0787,False
2020-11-27,3.1285,0.0782,False
2020-11-30,3.1311,0.078,False
2020-12-01,3.1393,0.0777,False
2020-12-02,3.1258,0.0783,False
2020-12-03,3.0916,0.0799,False
2020-12-04,3.093,0.0799,False
2020-12-07,3.1016,0.0794,False
2020-12-08,3.1108,0.079,False
2020-12-09,3.1139,0.0789,False
2020-12-10,3.0966,0.0797,False
2020-12-11,3.1256,0.0783,False
2020-12-14,3.1168,0.0787,False
2020-12-15,3.1217,0.0785,False
2020-12-16,3.1268,0.0782,False
2020-12-17,2.9548,0.0869,False
2020-12-18,2.9567,0.0868,False
2020-12-21,2.9553,0.0868,False
2020-12-22,2.9437,0.0875,False
2020-12-23,2.9486,0.0872,False
2020-12-24,2.9139,0.0891,False
2020-12-28,2.9265,0.0884,False
2020-12-29,2.9238,0.0885,False
2020-12-30,2.8538,0.0924,False
2020-12-31,2.8561,0.0923,False
2021-01-04,2.8596,0.0921,False
2021-01-05,2.8514,0.0926,False
2021-01-06,2.8334,0.0936,False
2021-01-07,2.8293,0.0938,False
2021-01-08,2.8478,0.0928,False
2021-01-11,2.8415,0.0931,False
2021-01-12,2.8434,0.093,False
2021-01-13,2.8423,0.0931,False
2021-01-14,2.8477,0.0928,False
2021-01-15,2.8428,0.093,False
2021-01-19,2.8353,0.0935,False
2021-01-20,2.8309,0.0937,False
2021-01-21,2.8076,0.0951,False
2021-01-22,2.7846,0.0964,False
2021-01-25,2.7169,0.1006,False
2021-01-26,2.7252,0.1,False
2021-01-27,2.7062,0.1012,False
2021-01-28,2.6996,0.1016,False
2021-01-29,2.8164,0.0946,False
2021-02-01,2.8334,0.0936,False
2021-02-02,2.914,0.0891,False
2021-02-03,2.9616,0.0865,False
2021-02-04,3.0113,0.0839,False
2021-02-05,3.0097,0.084,False
2021-02-08,2.9855,0.0853,False
2021-02-09,2.9926,0.0849,False
2021-02-10,2.9849,0.0853,False
2021-02-11,2.9875,0.0852,False
2021-02-12,3.0083,0.0841,False
2021-02-16,3.0113,0.0839,False
2021-02-17,3.0125,0.0839,False
2021-02-18,3.0149,0.0837,False
2021-02-19,3.0067,0.0842,False
2021-02-22,3.0176,0.0836,False
2021-02-23,3.0413,0.0824,False
2021-02-24,3.0679,0.0811,False
2021-02-25,3.079,0.0805,False
2021-02-26,3.0671,0.0811,False
2021-03-01,3.4909,0.0629,False
2021-03-02,3.6061,0.0587,False
2021-03-03,4.248,0.0403,True
2021-03-04,4.348,0.0381,True
2021-03-05,4.3951,0.0371,True
2021-03-08,4.3774,0.0374,True
2021-03-09,5.0882,0.025,True
2021-03-10,5.1994,0.0234,True
2021-03-11,5.2299,0.023,True
2021-03-12,10.6666,0.0012,True
2021-03-15,11.8099,0.0007,True
2021-03-16,1.0444,0.3078,False
2021-03-17,0.7116,0.3997,False
2021-03-18,0.2413,0.6237,False
2021-03-19,0.2853,0.5937,False
2021-03-22,0.2507,0.6171,False
2021-03-23,0.1921,0.6616,False
2021-03-24,0.5836,0.4456,False
2021-03-25,0.5101,0.4758,False
2021-03-26,0.4348,0.5103,False
2021-03-29,0.2418,0.6233,False
2021-03-30,0.2082,0.6485,False
2021-03-31,0.2395,0.625,False
2021-04-01,0.1869,0.6659,False
2021-04-05,0.1879,0.665,False
2021-04-06,0.2012,0.6542,False
2021-04-07,0.1048,0.7464,False
2021-04-08,0.1048,0.7464,False
2021-04-09,0.1047,0.7465,False
2021-04-12,0.1113,0.7389,False
2021-04-13,0.119,0.7304,False
2021-04-14,0.1398,0.7088,False
2021-04-15,0.1537,0.6953,False
2021-04-16,0.1498,0.6991,False
2021-04-19,0.1583,0.691,False
2021-04-20,0.1563,0.6929,False
2021-04-21,0.1699,0.6806,False
2021-04-22,0.0681,0.7943,False
2021-04-23,0.0848,0.7711,False
2021-04-26,0.0824,0.7743,False
2021-04-27,0.0754,0.7838,False
2021-04-28,0.067,0.7959,False
2021-04-29,0.0271,0.8694,False
2021-04-30,0.0465,0.8295,False
2021-05-03,0.062,0.8035,False
2021-05-04,0.0787,0.7793,False
2021-05-05,0.0822,0.7746,False
2021-05-06,0.1024,0.7493,False
2021-05-07,0.0996,0.7525,False
2021-05-10,0.0994,0.7528,False
2021-05-11,0.1102,0.7402,False
2021-05-12,0.093,0.7607,False
2021-05-13,0.1057,0.7454,False
2021-05-14,0.0937,0.7598,False
2021-05-17,0.0981,0.7543,False
2021-05-18,0.0822,0.7745,False
2021-05-19,0.0836,0.7727,False
2021-05-20,0.0786,0.7794,False
2021-05-21,0.0867,0.7687,False
2021-05-24,0.0866,0.7687,False
2021-05-25,0.0898,0.7647,False
2021-05-26,0.0809,0.7764,False
2021-05-27,0.0818,0.7751,False
2021-05-28,0.0777,0.7806,False
2021-06-01,0.09,0.7644,False
2021-06-02,0.0868,0.7685,False
2021-06-03,0.0874,0.7677,False
2021-06-04,0.0891,0.7656,False
2021-06-07,0.0873,0.7679,False
2021-06-08,0.0802,0.7773,False
2021-06-09,0.0801,0.7775,False
2021-06-10,0.0718,0.789,False
2021-06-11,0.195,0.6592,False
2021-06-14,0.331,0.5656,False
2021-06-15,0.3321,0.5649,False
2021-06-16,0.34,0.5603,False
2021-06-17,0.3287,0.5669,False
2021-06-18,0.3348,0.5634,False
2021-06-21,0.3327,0.5646,False
2021-06-22,0.3283,0.5672,False
2021-06-23,0.3182,0.5732,False
2021-06-24,0.3257,0.5687,False
2021-06-25,0.3417,0.5594,False
2021-06-28,0.3234,0.5701,False
2021-06-29,0.3262,0.5684,False
2021-06-30,0.3253,0.569,False
2021-07-01,0.3416,0.5594,False
2021-07-02,0.3511,0.5541,False
2021-07-06,0.3292,0.5667,False
2021-07-07,0.3544,0.5522,False
2021-07-08,0.3579,0.5502,False
2021-07-09,0.3614,0.5483,False
2021-07-12,0.3664,0.5455,False
2021-07-13,0.3518,0.5537,False
2021-07-14,0.3888,0.5335,False
2021-07-15,0.3825,0.5368,False
2021-07-16,0.402,0.5266,False
2021-07-19,0.3984,0.5285,False
2021-07-20,0.3791,0.5387,False
2021-07-21,0.437,0.5092,False
2021-07-22,0.4564,0.4999,False
2021-07-23,0.4267,0.5142,False
2021-07-26,0.387,0.5344,False
2021-07-27,0.3637,0.547,False
2021-07-28,0.3635,0.5471,False
2021-07-29,0.3598,0.5492,False
2021-07-30,0.3594,0.5494,False
2021-08-02,0.3534,0.5527,False
2021-08-03,0.7229,0.396,False
2021-08-04,0.6915,0.4065,False
2021-08-05,0.6993,0.4038,False
2021-08-06,0.691,0.4066,False
2021-08-09,0.6562,0.4187,False
2021-08-10,0.6251,0.4299,False
2021-08-11,0.6276,0.429,False
2021-08-12,0.6691,0.4142,False
2021-08-13,0.6716,0.4133,False
2021-08-16,0.6794,0.4106,False
2021-08-17,0.6691,0.4141,False
2021-08-18,0.6921,0.4063,False
2021-08-19,0.6976,0.4044,False
2021-08-20,0.7332,0.3927,False
2021-08-23,0.7227,0.3961,False
2021-08-24,0.6027,0.4383,False
2021-08-25,0.5616,0.4543,False
2021-08-26,0.5335,0.4658,False
2021-08-27,0.6238,0.4304,False
2021-08-30,0.6144,0.4339,False
2021-08-31,0.6164,0.4332,False
2021-09-01,0.771,0.3808,False
2021-09-02,0.7108,0.4,False
2021-09-03,1.4421,0.2309,False
2021-09-07,0.6113,0.435,False
2021-09-08,0.1559,0.6933,False
2021-09-09,0.4154,0.5198,False
2021-09-10,0.4452,0.5052,False
2021-09-13,0.3941,0.5307,False
2021-09-14,0.4838,0.4874,False
2021-09-15,0.4798,0.4891,False
2021-09-16,0.4485,0.5037,False
2021-09-17,0.4593,0.4986,False
2021-09-20,0.4611,0.4978,False
2021-09-21,0.3795,0.5384,False
2021-09-22,0.4729,0.4923,False
2021-09-23,0.2954,0.5873,False
2021-09-24,0.2309,0.6313,False
2021-09-27,0.2079,0.6488,False
2021-09-28,0.2774,0.5989,False
2021-09-29,0.3236,0.57,False
2021-09-30,0.2319,0.6306,False
2021-10-01,0.2294,0.6324,False
2021-10-04,0.1138,0.7361,False
2021-10-05,0.1195,0.7299,False
2021-10-06,0.1336,0.715,False
2021-10-07,0.1447,0.704,False
2021-10-08,0.1554,0.6938,False
2021-10-11,0.1407,0.7079,False
2021-10-12,0.103,0.7485,False
2021-10-13,0.0063,0.9367,False
2021-10-14,0.0105,0.9187,False
2021-10-15,0.0044,0.9474,False
2021-10-18,0.0042,0.9482,False
2021-10-19,0.0039,0.9501,False
2021-10-20,0.0085,0.9266,False
2021-10-21,0.0086,0.9261,False
2021-10-22,0.0084,0.927,False
2021-10-25,0.0092,0.9239,False
2021-10-26,0.011,0.9165,False
2021-10-27,0.0103,0.9193,False
2021-10-28,0.0161,0.8991,False
2021-10-29,0.0184,0.8921,False
2021-11-01,0.0453,0.8317,False
2021-11-02,0.0268,0.87,False
2021-11-03,0.0365,0.8487,False
2021-11-04,0.2938,0.5883,False
2021-11-05,0.5428,0.462,False
2021-11-08,0.6868,0.408,False
2021-11-09,0.7683,0.3816,False
2021-11-10,0.8358,0.3615,False
2021-11-11,1.1403,0.2866,False
2021-11-12,1.2009,0.2742,False
2021-11-15,1.1915,0.2761,False
2021-11-16,1.1785,0.2787,False
2021-11-17,1.1699,0.2805,False
2021-11-18,1.1902,0.2764,False
2021-11-19,1.1851,0.2774,False
2021-11-22,1.0549,0.3054,False
2021-11-23,1.0522,0.306,False
2021-11-24,0.9857,0.3218,False
2021-11-26,0.9781,0.3236,False
2021-11-29,0.9117,0.3406,False
2021-11-30,1.1762,0.2792,False
2021-12-01,1.1196,0.291,False
2021-12-02,1.5114,0.2201,False
2021-12-03,1.5633,0.2124,False
2021-12-06,1.4734,0.226,False
2021-12-07,1.5059,0.2209,False
2021-12-08,1.9283,0.1662,False
2021-12-09,2.0118,0.1573,False
2021-12-10,2.0143,0.1571,False
2021-12-13,2.0232,0.1562,False
2021-12-14,2.1116,0.1475,False
2021-12-15,2.1054,0.148,False
2021-12-16,3.0395,0.0825,False
2021-12-17,3.1324,0.078,False
2021-12-20,2.6289,0.1062,False
2021-12-21,2.6936,0.102,False
2021-12-22,2.5029,0.1149,False
2021-12-23,2.7813,0.0966,False
2021-12-27,2.7651,0.0976,False
2021-12-28,2.6791,0.1029,False
2021-12-29,3.2593,0.0722,False
2021-12-30,3.3389,0.0689,False
2021-12-31,3.3691,0.0676,False
2022-01-03,3.4019,0.0663,False
2022-01-04,3.5134,0.0621,False
2022-01-05,3.557,0.0605,False
2022-01-06,1.9143,0.1677,False
2022-01-07,2.1867,0.1405,False
2022-01-10,2.2345,0.1362,False
2022-01-11,2.4233,0.1208,False
2022-01-12,2.3682,0.1251,False
2022-01-13,2.4307,0.1203,False
2022-01-14,2.2341,0.1363,False
2022-01-18,2.3764,0.1245,False
2022-01-19,2.5576,0.111,False
2022-01-20,2.7248,0.1001,False
2022-01-21,3.4827,0.0632,False
2022-01-24,3.0035,0.0843,False
2022-01-25,3.693,0.0558,False
2022-01-26,3.8622,0.0505,False
2022-01-27,3.8194,0.0518,False
2022-01-28,2.6804,0.1029,False
2022-01-31,1.0762,0.3006,False
2022-02-01,9.3096,0.0025,True
2022-02-02,9.5103,0.0023,True
2022-02-03,9.547,0.0022,True
2022-02-04,7.6923,0.006,True
2022-02-07,7.4737,0.0067,True
2022-02-08,7.4776,0.0067,True
2022-02-09,7.4701,0.0067,True
2022-02-10,7.5424,0.0065,True
2022-02-11,6.7116,0.0101,True
2022-02-14,6.1585,0.0137,True
2022-02-15,6.7008,0.0102,True
2022-02-16,6.5919,0.0108,True
2022-02-17,6.6846,0.0103,True
2022-02-18,6.5471,0.0111,True
2022-02-22,6.7195,0.0101,True
2022-02-23,6.717,0.0101,True
2022-02-24,7.9795,0.0051,True
2022-02-25,7.3181,0.0073,True
2022-02-28,7.722,0.0059,True
2022-03-01,8.5609,0.0038,True
2022-03-02,8.3905,0.0041,True
2022-03-03,8.3614,0.0042,True
2022-03-04,8.3957,0.0041,True
2022-03-07,9.0894,0.0028,True
2022-03-08,4.5414,0.0341,True
2022-03-09,5.11,0.0247,True
2022-03-10,4.8791,0.0281,True
2022-03-11,4.7784,0.0298,True
2022-03-14,5.2099,0.0233,True
2022-03-15,5.4931,0.0199,True
2022-03-16,6.1887,0.0135,True
2022-03-17,6.2239,0.0133,True
2022-03-18,6.7043,0.0102,True
2022-03-21,6.5997,0.0108,True
2022-03-22,6.8893,0.0092,True
2022-03-23,6.8808,0.0093,True
2022-03-24,6.9529,0.0089,True
2022-03-25,6.7037,0.0102,True
2022-03-28,6.5301,0.0112,True
2022-03-29,6.4548,0.0117,True
2022-03-30,6.3198,0.0126,True
2022-03-31,6.29,0.0128,True
2022-04-01,6.5325,0.0112,True
2022-04-04,6.581,0.0109,True
2022-04-05,6.404,0.012,True
2022-04-06,6.5256,0.0112,True
2022-04-07,6.4712,0.0116,True
2022-04-08,6.7226,0.0101,True
2022-04-11,6.708,0.0102,True
2022-04-12,6.5549,0.0111,True
2022-04-13,6.4197,0.0119,True
2022-04-14,6.4717,0.0116,True
2022-04-18,6.2338,0.0132,True
2022-04-19,5.8184,0.0166,True
2022-04-20,5.6801,0.0179,True
2022-04-21,5.6519,0.0182,True
2022-04-22,5.3925,0.021,True
2022-04-25,4.7128,0.0309,True
2022-04-26,4.6225,0.0325,True
2022-04-27,3.5991,0.059,False
2022-04-28,3.3849,0.067,False
2022-04-29,2.9562,0.0868,False
2022-05-02,6.5544,0.0111,True
2022-05-03,6.7859,0.0097,True
2022-05-04,7.8559,0.0055,True
2022-05-05,7.5424,0.0065,True
2022-05-06,11.004,0.001,True
2022-05-09,9.0462,0.0029,True
2022-05-10,7.7778,0.0057,True
2022-05-11,8.1138,0.0048,True
2022-05-12,8.0805,0.0048,True
2022-05-13,5.4655,0.0202,True
2022-05-16,6.8667,0.0093,True
2022-05-17,7.0042,0.0087,True
2022-05-18,6.8715,0.0093,True
2022-05-19,5.8678,0.0161,True
2022-05-20,4.6221,0.0325,True
2022-05-23,4.3833,0.0373,True
2022-05-24,4.3105,0.0389,True
2022-05-25,4.5741,0.0334,True
2022-05-26,4.5624,0.0337,True
2022-05-27,4.3108,0.0389,True
2022-05-31,3.9186,0.0489,True
2022-06-01,3.5553,0.0605,False
2022-06-02,3.5612,0.0603,False
2022-06-03,3.4361,0.065,False
2022-06-06,3.1287,0.0782,False
2022-06-07,2.7154,0.1006,False
2022-06-08,2.7185,0.1005,False
2022-06-09,2.6705,0.1035,False
2022-06-10,2.55,0.1116,False
2022-06-13,3.1906,0.0753,False
2022-06-14,3.671,0.0565,False
2022-06-15,4.209,0.0413,True
2022-06-16,4.1597,0.0425,True
2022-06-17,3.462,0.064,False
2022-06-21,3.4576,0.0641,False
2022-06-22,3.4189,0.0656,False
2022-06-23,3.2365,0.0732,False
2022-06-24,3.2189,0.074,False
2022-06-27,3.3204,0.0696,False
2022-06-28,3.5351,0.0613,False
2022-06-29,3.346,0.0686,False
2022-06-30,3.3787,0.0672,False
2022-07-01,3.3487,0.0685,False
2022-07-05,3.3033,0.0703,False
2022-07-06,3.3683,0.0677,False
2022-07-07,3.4062,0.0661,False
2022-07-08,3.4672,0.0638,False
2022-07-11,3.4278,0.0653,False
2022-07-12,3.4233,0.0655,False
2022-07-13,3.4746,0.0635,False
2022-07-14,3.5101,0.0622,False
2022-07-15,3.6965,0.0557,False
2022-07-18,3.6875,0.056,False
2022-07-19,3.776,0.0531,False
2022-07-20,4.1573,0.0425,True
2022-07-21,4.3671,0.0377,True
2022-07-22,4.3494,0.038,True
2022-07-25,4.3427,0.0382,True
2022-07-26,4.43,0.0363,True
2022-07-27,4.4036,0.0369,True
2022-07-28,3.5165,0.0619,False
2022-07-29,3.7523,0.0539,False
2022-08-01,3.7241,0.0548,False
2022-08-02,3.3708,0.0676,False
2022-08-03,3.3617,0.0679,False
2022-08-04,3.3658,0.0678,False
2022-08-05,3.0322,0.0829,False
2022-08-08,3.0213,0.0834,False
2022-08-09,3.0421,0.0824,False
2022-08-10,3.0331,0.0828,False
2022-08-11,2.876,0.0912,False
2022-08-12,2.8865,0.0906,False
2022-08-15,2.9991,0.0846,False
2022-08-16,2.9598,0.0866,False
2022-08-17,3.0193,0.0835,False
2022-08-18,3.0088,0.0841,False
2022-08-19,3.2452,0.0728,False
2022-08-22,3.2147,0.0742,False
2022-08-23,3.0958,0.0797,False
2022-08-24,3.1074,0.0792,False
2022-08-25,3.1028,0.0794,False
2022-08-26,3.1023,0.0794,False
2022-08-29,2.7295,0.0998,False
2022-08-30,2.7698,0.0973,False
2022-08-31,3.0678,0.0811,False
2022-09-01,3.0502,0.082,False
2022-09-02,3.0258,0.0832,False
2022-09-06,3.029,0.083,False
2022-09-07,3.0287,0.083,False
2022-09-08,3.0866,0.0802,False
2022-09-09,3.216,0.0741,False
2022-09-12,3.2043,0.0747,False
2022-09-13,3.7581,0.0537,False
2022-09-14,8.4854,0.0039,True
2022-09-15,7.999,0.0051,True
2022-09-16,7.9666,0.0052,True
2022-09-19,7.9177,0.0053,True
2022-09-20,7.8787,0.0054,True
2022-09-21,7.5821,0.0063,True
2022-09-22,7.5577,0.0064,True
2022-09-23,7.6094,0.0062,True
2022-09-26,7.5774,0.0063,True
2022-09-27,7.5914,0.0063,True
2022-09-28,7.6725,0.006,True
2022-09-29,7.5318,0.0065,True
2022-09-30,7.2304,0.0077,True
2022-10-03,6.6096,0.0107,True
2022-10-04,6.7425,0.01,True
2022-10-05,7.053,0.0084,True
2022-10-06,7.2127,0.0077,True
2022-10-07,7.2125,0.0077,True
2022-10-10,6.8562,0.0094,True
2022-10-11,6.859,0.0094,True
2022-10-12,6.8383,0.0095,True
2022-10-13,6.9168,0.0091,True
2022-10-14,6.8943,0.0092,True
2022-10-17,7.312,0.0073,True
2022-10-18,7.3655,0.0071,True
2022-10-19,7.4665,0.0067,True
2022-10-20,7.5555,0.0064,True
2022-10-21,7.5679,0.0064,True
2022-10-24,7.4941,0.0066,True
2022-10-25,7.39,0.007,True
2022-10-26,7.3051,0.0074,True
2022-10-27,7.2522,0.0076,True
2022-10-28,7.2332,0.0076,True
2022-10-31,7.9514,0.0052,True
2022-11-01,4.4922,0.035,True
2022-11-02,4.4649,0.0356,True
2022-11-03,4.5195,0.0345,True
2022-11-04,4.5036,0.0348,True
2022-11-07,4.0995,0.044,True
2022-11-08,4.1584,0.0425,True
2022-11-09,4.2018,0.0414,True
2022-11-10,4.1603,0.0424,True
2022-11-11,5.1893,0.0236,True
2022-11-14,4.9668,0.0267,True
2022-11-15,4.9993,0.0262,True
2022-11-16,4.9964,0.0263,True
2022-11-17,5.004,0.0262,True
2022-11-18,5.1384,0.0243,True
2022-11-21,5.3538,0.0215,True
2022-11-22,5.4216,0.0207,True
2022-11-23,5.2856,0.0223,True
2022-11-25,5.2832,0.0224,True
2022-11-28,5.3156,0.022,True
2022-11-29,5.2452,0.0228,True
2022-11-30,5.0686,0.0252,True
2022-12-01,5.5487,0.0193,True
2022-12-02,5.4278,0.0206,True
2022-12-05,5.4293,0.0206,True
2022-12-06,5.3625,0.0214,True
2022-12-07,5.2215,0.0232,True
2022-12-08,5.243,0.0229,True
2022-12-09,5.3051,0.0221,True
2022-12-12,5.2466,0.0228,True
2022-12-13,5.4105,0.0208,True
2022-12-14,5.4459,0.0204,True
2022-12-15,5.4902,0.0199,True
2022-12-16,5.5158,0.0196,True
2022-12-19,5.5177,0.0196,True
2022-12-20,5.497,0.0198,True
2022-12-21,5.4952,0.0199,True
2022-12-22,5.4512,0.0204,True
2022-12-23,5.5148,0.0196,True
2022-12-27,5.5489,0.0193,True
2022-12-28,5.6351,0.0184,True
2022-12-29,5.6464,0.0183,True
2022-12-30,5.7104,0.0176,True
2023-01-03,5.6678,0.018,True
2023-01-04,5.6555,0.0182,True
2023-01-05,5.1046,0.0247,True
2023-01-06,5.1565,0.024,True
2023-01-09,4.9567,0.0269,True
2023-01-10,4.8697,0.0282,True
2023-01-11,4.8306,0.0289,True
2023-01-12,4.8348,0.0288,True
2023-01-13,4.8071,0.0293,True
2023-01-17,4.8422,0.0287,True
2023-01-18,4.7217,0.0307,True
2023-01-19,4.7302,0.0306,True
2023-01-20,4.6986,0.0311,True
2023-01-23,4.7131,0.0309,True
2023-01-24,4.7109,0.0309,True
2023-01-25,4.5109,0.0347,True
2023-01-26,4.4931,0.035,True
2023-01-27,4.334,0.0384,True
2023-01-30,4.3833,0.0373,True
2023-01-31,4.4752,0.0354,True
2023-02-01,3.4704,0.0637,False
2023-02-02,3.3438,0.0687,False
2023-02-03,2.9597,0.0866,False
2023-02-06,3.0947,0.0798,False
2023-02-07,2.9057,0.0895,False
2023-02-08,2.8521,0.0925,False
2023-02-09,2.8408,0.0932,False
2023-02-10,2.8577,0.0922,False
2023-02-13,2.9367,0.0878,False
2023-02-14,2.9947,0.0848,False
2023-02-15,2.7798,0.0967,False
2023-02-16,2.8089,0.095,False
2023-02-17,2.7497,0.0985,False
2023-02-21,2.8607,0.092,False
2023-02-22,2.7495,0.0985,False
2023-02-23,2.7124,0.1008,False
2023-02-24,2.6885,0.1023,False
2023-02-27,2.7833,0.0965,False
2023-02-28,2.7293,0.0998,False
2023-03-01,2.6961,0.1019,False
2023-03-02,2.6966,0.1018,False
2023-03-03,2.658,0.1043,False
2023-03-06,2.6632,0.104,False
2023-03-07,2.4095,0.1219,False
2023-03-08,2.348,0.1267,False
2023-03-09,2.1213,0.1465,False
2023-03-10,2.1043,0.1482,False
2023-03-13,2.0732,0.1512,False
2023-03-14,2.0782,0.1507,False
2023-03-15,2.0838,0.1501,False
2023-03-16,2.0958,0.149,False
2023-03-17,2.3109,0.1297,False
2023-03-20,2.3228,0.1288,False
2023-03-21,2.337,0.1276,False
2023-03-22,2.2905,0.1314,False
2023-03-23,2.3077,0.13,False
2023-03-24,2.3291,0.1282,False
2023-03-27,2.3893,0.1234,False
2023-03-28,2.3593,0.1258,False
2023-03-29,2.3401,0.1274,False
2023-03-30,2.3293,0.1282,False
2023-03-31,2.3329,0.1279,False
2023-04-03,2.3153,0.1294,False
2023-04-04,2.3742,0.1246,False
2023-04-05,2.3714,0.1248,False
2023-04-06,2.3781,0.1243,False
2023-04-10,2.4113,0.1217,False
2023-04-11,2.3617,0.1256,False
2023-04-12,2.3015,0.1305,False
2023-04-13,2.332,0.128,False
2023-04-14,2.3197,0.129,False
2023-04-17,2.1304,0.1457,False
2023-04-18,2.1772,0.1413,False
2023-04-19,2.2592,0.1341,False
2023-04-20,2.2606,0.134,False
2023-04-21,2.2234,0.1372,False
2023-04-24,2.2659,0.1335,False
2023-04-25,2.4127,0.1216,False
2023-04-26,2.4005,0.1226,False
2023-04-27,2.709,0.101,False
2023-04-28,2.5796,0.1095,False
2023-05-01,2.6688,0.1036,False
2023-05-02,2.1383,0.1449,False
2023-05-03,2.1255,0.1461,False
2023-05-04,2.0613,0.1523,False
2023-05-05,2.0659,0.1519,False
2023-05-08,1.7926,0.1818,False
2023-05-09,1.402,0.2375,False
2023-05-10,1.6179,0.2046,False
2023-05-11,1.538,0.2161,False
2023-05-12,1.5517,0.2141,False
2023-05-15,2.0615,0.1523,False
2023-05-16,1.5892,0.2086,False
2023-05-17,1.5278,0.2176,False
2023-05-18,1.5593,0.2129,False
2023-05-19,2.0341,0.1551,False
2023-05-22,2.1762,0.1414,False
2023-05-23,2.3339,0.1279,False
2023-05-24,2.3359,0.1277,False
2023-05-25,2.2294,0.1367,False
2023-05-26,2.1907,0.1401,False
2023-05-30,2.0826,0.1502,False
2023-05-31,2.5058,0.1147,False
2023-06-01,2.5939,0.1085,False
2023-06-02,2.6018,0.108,False
2023-06-05,2.6413,0.1054,False
2023-06-06,2.9429,0.0875,False
2023-06-07,3.1725,0.0761,False
2023-06-08,3.1683,0.0763,False
2023-06-09,3.2548,0.0724,False
2023-06-12,3.295,0.0707,False
2023-06-13,2.9071,0.0894,False
2023-06-14,3.1763,0.0759,False
2023-06-15,2.9379,0.0878,False
2023-06-16,2.9497,0.0871,False
2023-06-20,3.7444,0.0541,False
2023-06-21,3.7022,0.0555,False
2023-06-22,3.7497,0.054,False
2023-06-23,3.8681,0.0503,False
2023-06-26,3.8509,0.0508,False
2023-06-27,3.7404,0.0542,False
2023-06-28,3.5669,0.0601,False
2023-06-29,3.731,0.0546,False
2023-06-30,3.6297,0.0579,False
2023-07-03,3.6492,0.0572,False
2023-07-05,3.6113,0.0585,False
2023-07-06,3.5917,0.0592,False
2023-07-07,3.5799,0.0596,False
2023-07-10,3.6014,0.0589,False
2023-07-11,3.5933,0.0592,False
2023-07-12,3.5672,0.0601,False
2023-07-13,3.5078,0.0623,False
2023-07-14,3.474,0.0635,False
2023-07-17,3.5706,0.06,False
2023-07-18,3.5482,0.0608,False
2023-07-19,3.45,0.0644,False
2023-07-20,3.2464,0.0728,False
2023-07-21,3.2606,0.0722,False
2023-07-24,3.4039,0.0662,False
2023-07-25,3.4042,0.0662,False
2023-07-26,3.3238,0.0695,False
2023-07-27,3.3403,0.0688,False
2023-07-28,4.3899,0.0372,True
2023-07-31,4.2318,0.0407,True
2023-08-01,4.3321,0.0384,True
2023-08-02,4.5874,0.0332,True
2023-08-03,4.5891,0.0331,True
2023-08-04,4.6938,0.0312,True
2023-08-07,4.8702,0.0282,True
2023-08-08,3.7517,0.0539,False
2023-08-09,3.6842,0.0561,False
2023-08-10,3.692,0.0558,False
2023-08-11,3.8737,0.0502,False
2023-08-14,3.7968,0.0525,False
2023-08-15,3.8178,0.0518,False
2023-08-16,3.8201,0.0518,False
2023-08-17,3.8094,0.0521,False
2023-08-18,3.8238,0.0517,False
2023-08-21,3.7813,0.053,False
2023-08-22,3.789,0.0527,False
2023-08-23,4.0781,0.0445,True
2023-08-24,3.965,0.0476,True
2023-08-25,3.9937,0.0468,True
2023-08-28,3.9798,0.0471,True
2023-08-29,4.6104,0.0327,True
2023-08-30,4.442,0.0361,True
2023-08-31,4.493,0.035,True
2023-09-01,4.4086,0.0368,True
2023-09-05,4.4334,0.0362,True
2023-09-06,4.4172,0.0366,True
2023-09-07,4.3985,0.037,True
2023-09-08,3.9995,0.0466,True
2023-09-11,3.6258,0.058,False
2023-09-12,3.6277,0.058,False
2023-09-13,3.6174,0.0583,False
2023-09-14,0.636,0.4259,False
2023-09-15,0.5192,0.4719,False
2023-09-18,0.5179,0.4724,False
2023-09-19,0.5592,0.4553,False
2023-09-20,0.5357,0.4649,False
2023-09-21,0.5757,0.4487,False
2023-09-22,0.5737,0.4495,False
2023-09-25,0.62,0.4318,False
2023-09-26,0.628,0.4289,False
2023-09-27,0.6106,0.4353,False
2023-09-28,0.5792,0.4473,False
2023-09-29,0.5752,0.4489,False
2023-10-02,0.7478,0.388,False
2023-10-03,0.7448,0.389,False
2023-10-04,0.6514,0.4204,False
2023-10-05,0.5873,0.4442,False
2023-10-06,0.521,0.4711,False
2023-10-09,0.5203,0.4714,False
2023-10-10,0.6133,0.4343,False
2023-10-11,0.541,0.4627,False
2023-10-12,0.5457,0.4608,False
2023-10-13,0.5294,0.4676,False
2023-10-16,0.532,0.4664,False
2023-10-17,0.4136,0.5208,False
2023-10-18,0.5392,0.4635,False
2023-10-19,0.4785,0.4898,False
2023-10-20,0.4874,0.4857,False
2023-10-23,0.4804,0.4889,False
2023-10-24,0.5027,0.479,False
2023-10-25,0.5017,0.4794,False
2023-10-26,0.4606,0.498,False
2023-10-27,0.4361,0.5096,False
2023-10-30,0.4514,0.5023,False
2023-10-31,0.2927,0.589,False
2023-11-01,0.8026,0.3712,False
2023-11-02,0.8007,0.3717,False
2023-11-03,0.664,0.4159,False
2023-11-06,0.6858,0.4084,False
2023-11-07,0.6797,0.4105,False
2023-11-08,0.6521,0.4201,False
2023-11-09,0.6248,0.43,False
2023-11-10,0.6476,0.4217,False
2023-11-13,0.3725,0.5422,False
2023-11-14,0.7406,0.3903,False
2023-11-15,0.7328,0.3928,False
2023-11-16,0.655,0.4191,False
2023-11-17,0.6369,0.4256,False
2023-11-20,0.6847,0.4088,False
2023-11-21,0.6579,0.4181,False
2023-11-22,0.6385,0.425,False
2023-11-24,0.652,0.4202,False
2023-11-27,0.6409,0.4241,False
2023-11-28,0.6601,0.4173,False
2023-11-29,0.6813,0.4099,False
2023-11-30,0.613,0.4344,False
2023-12-01,2.7858,0.0964,False
2023-12-04,2.6519,0.1047,False
2023-12-05,2.6762,0.1031,False
2023-12-06,2.6238,0.1065,False
2023-12-07,2.4867,0.1161,False
2023-12-08,2.4201,0.1211,False
2023-12-11,2.3559,0.1261,False
2023-12-12,2.3681,0.1251,False
2023-12-13,2.3749,0.1246,False
2023-12-14,2.3735,0.1247,False
2023-12-15,2.4412,0.1195,False
2023-12-18,3.3655,0.0678,False
2023-12-19,3.1794,0.0758,False
2023-12-20,3.1887,0.0754,False
2023-12-21,3.2014,0.0748,False
2023-12-22,3.1753,0.076,False
2023-12-26,3.9229,0.0487,True
2023-12-27,3.9065,0.0492,True
2023-12-28,3.822,0.0517,False
2023-12-29,3.7642,0.0535,False
2024-01-02,6.0494,0.0146,True
2024-01-03,5.8678,0.0161,True
2024-01-04,5.7248,0.0175,True
2024-01-05,5.3345,0.0217,True
2024-01-08,5.4279,0.0206,True
2024-01-09,5.1055,0.0247,True
2024-01-10,4.9091,0.0276,True
2024-01-11,4.9055,0.0277,True
2024-01-12,4.7643,0.03,True
2024-01-16,4.6349,0.0323,True
2024-01-17,4.6265,0.0324,True
2024-01-18,4.676,0.0315,True
2024-01-19,4.7055,0.031,True
2024-01-22,3.372,0.0675,False
2024-01-23,2.9985,0.0846,False
2024-01-24,2.6156,0.1071,False
2024-01-25,2.5588,0.111,False
2024-01-26,2.499,0.1152,False
2024-01-29,2.4487,0.1189,False
2024-01-30,2.4746,0.117,False
2024-01-31,2.516,0.114,False
2024-02-01,2.1433,0.1445,False
2024-02-02,1.9564,0.1632,False
2024-02-05,0.7599,0.3842,False
2024-02-06,0.8642,0.3535,False
2024-02-07,0.8551,0.356,False
2024-02-08,1.0739,0.3011,False
2024-02-09,1.0026,0.3177,False
2024-02-12,1.0,0.3183,False
2024-02-13,0.9778,0.3237,False
2024-02-14,0.9362,0.3342,False
2024-02-15,0.9305,0.3357,False
2024-02-16,0.9025,0.343,False
2024-02-20,0.969,0.3259,False
2024-02-21,0.994,0.3198,False
2024-02-22,0.9359,0.3343,False
2024-02-23,0.9286,0.3362,False
2024-02-26,0.8402,0.3602,False
2024-02-27,0.7972,0.3728,False
2024-02-28,0.7841,0.3768,False
2024-02-29,0.7946,0.3736,False
2024-03-01,0.798,0.3726,False
2024-03-04,0.8181,0.3666,False
2024-03-05,0.6985,0.4041,False
2024-03-06,0.2797,0.5974,False
2024-03-07,0.3449,0.5576,False
2024-03-08,0.3515,0.5538,False
2024-03-11,0.3929,0.5314,False
2024-03-12,0.3642,0.5467,False
2024-03-13,0.355,0.5518,False
2024-03-14,0.4018,0.5267,False
2024-03-15,0.435,0.5101,False
2024-03-18,0.3608,0.5486,False
2024-03-19,0.3763,0.5401,False
2024-03-20,0.3684,0.5444,False
2024-03-21,0.3925,0.5315,False
2024-03-22,0.3887,0.5336,False
2024-03-25,0.7193,0.3972,False
2024-03-26,0.7356,0.3919,False
2024-03-27,0.7333,0.3926,False
2024-03-28,0.7136,0.3991,False
2024-04-01,0.7656,0.3824,False
2024-04-02,0.7718,0.3805,False
2024-04-03,0.7556,0.3855,False
2024-04-04,0.7387,0.3909,False
2024-04-05,0.765,0.3826,False
2024-04-08,0.7884,0.3754,False
2024-04-09,0.7478,0.388,False
2024-04-10,0.7619,0.3836,False
2024-04-11,0.7289,0.3941,False
2024-04-12,0.731,0.3934,False
2024-04-15,0.1616,0.6881,False
2024-04-16,0.1215,0.7278,False
2024-04-17,0.155,0.6942,False
2024-04-18,0.1509,0.698,False
2024-04-19,0.1452,0.7035,False
2024-04-22,0.1722,0.6785,False
2024-04-23,0.1864,0.6663,False
2024-04-24,0.2025,0.6531,False
2024-04-25,0.1573,0.692,False
2024-04-26,0.1807,0.6711,False
2024-04-29,0.1249,0.724,False
2024-04-30,0.0971,0.7556,False
2024-05-01,0.0157,0.9002,False
2024-05-02,0.0174,0.895,False
2024-05-03,0.022,0.8822,False
2024-05-06,0.0011,0.9736,False
2024-05-07,0.0032,0.9551,False
2024-05-08,0.0761,0.7829,False
2024-05-09,0.0773,0.7812,False
2024-05-10,0.0841,0.7721,False
2024-05-13,0.0792,0.7786,False
2024-05-14,0.076,0.7831,False
2024-05-15,0.0622,0.8032,False
2024-05-16,0.0485,0.8259,False
2024-05-17,0.0566,0.8121,False
2024-05-20,0.0945,0.7588,False
2024-05-21,0.089,0.7657,False
2024-05-22,0.0888,0.766,False
2024-05-23,0.096,0.7569,False
2024-05-24,0.1006,0.7514,False
2024-05-28,0.1496,0.6993,False
2024-05-29,0.5333,0.4659,False
2024-05-30,0.5119,0.475,False
2024-05-31,0.5101,0.4757,False
2024-06-03,0.5445,0.4613,False
2024-06-04,0.5605,0.4548,False
2024-06-05,0.5429,0.4619,False
2024-06-06,0.4741,0.4918,False
2024-06-07,0.5601,0.4549,False
2024-06-10,0.6026,0.4383,False
2024-06-11,0.5966,0.4406,False
2024-06-12,0.6023,0.4384,False
2024-06-13,0.8373,0.3611,False
2024-06-14,0.7496,0.3874,False
2024-06-17,0.7741,0.3798,False
2024-06-18,0.7593,0.3844,False
2024-06-20,0.7117,0.3997,False
2024-06-21,0.7306,0.3935,False
2024-06-24,0.6946,0.4054,False
2024-06-25,0.6934,0.4058,False
2024-06-26,0.71,0.4002,False
2024-06-27,0.8151,0.3675,False
2024-06-28,0.7519,0.3867,False
2024-07-01,0.7524,0.3865,False
2024-07-02,0.7695,0.3812,False
2024-07-03,0.8147,0.3676,False
2024-07-05,0.8,0.372,False
2024-07-08,0.79,0.3749,False
2024-07-09,0.7209,0.3967,False
2024-07-10,0.7189,0.3973,False
2024-07-11,0.7171,0.3979,False
2024-07-12,0.8101,0.369,False
2024-07-15,0.8642,0.3535,False
2024-07-16,0.8128,0.3682,False
2024-07-17,0.7807,0.3778,False
2024-07-18,0.5388,0.4636,False
2024-07-19,0.5168,0.4729,False
2024-07-22,0.5801,0.447,False
2024-07-23,0.5119,0.475,False
2024-07-24,0.5288,0.4678,False
2024-07-25,0.2536,0.615,False
2024-07-26,0.2261,0.6349,False
2024-07-29,0.2159,0.6426,False
2024-07-30,0.251,0.6168,False
2024-07-31,0.229,0.6327,False
2024-08-01,0.0846,0.7714,False
2024-08-02,0.0204,0.8867,False
2024-08-05,0.0021,0.9631,False
2024-08-06,0.0463,0.8298,False
2024-08-07,0.0844,0.7717,False
2024-08-08,0.0823,0.7744,False
2024-08-09,0.0939,0.7596,False
2024-08-12,0.0652,0.7987,False
2024-08-13,0.0705,0.7909,False
2024-08-14,0.0827,0.7739,False
2024-08-15,0.067,0.7959,False
2024-08-16,0.0899,0.7645,False
2024-08-19,0.0675,0.7952,False
2024-08-20,0.069,0.793,False
2024-08-21,0.0528,0.8185,False
2024-08-22,0.0594,0.8077,False
2024-08-23,0.0634,0.8014,False
2024-08-26,0.089,0.7657,False
2024-08-27,0.0795,0.7782,False
2024-08-28,0.0713,0.7897,False
2024-08-29,0.0621,0.8035,False
2024-08-30,0.054,0.8164,False
2024-09-03,0.0455,0.8312,False
2024-09-04,0.1129,0.7372,False
2024-09-05,0.1161,0.7336,False
2024-09-06,0.1155,0.7343,False
2024-09-09,0.0961,0.7568,False
2024-09-10,0.0652,0.7987,False
2024-09-11,0.0613,0.8047,False
2024-09-12,0.0802,0.7772,False
2024-09-13,0.0713,0.7897,False
2024-09-16,0.064,0.8005,False
2024-09-17,0.0551,0.8147,False
2024-09-18,0.1012,0.7506,False
2024-09-19,0.0878,0.7672,False
2024-09-20,0.0484,0.8261,False
2024-09-23,0.1012,0.7507,False
2024-09-24,0.1114,0.7389,False
2024-09-25,0.1127,0.7373,False
2024-09-26,0.1028,0.7487,False
2024-09-27,0.085,0.7709,False
2024-09-30,0.0811,0.7761,False
2024-10-01,0.0828,0.7738,False
2024-10-02,0.0731,0.7871,False
2024-10-03,0.1101,0.7403,False
2024-10-04,0.0977,0.7548,False
2024-10-07,0.1085,0.7422,False
2024-10-08,0.1031,0.7484,False
2024-10-09,0.0932,0.7604,False
2024-10-10,0.0976,0.755,False
2024-10-11,0.1078,0.743,False
2024-10-14,0.1061,0.7449,False
2024-10-15,0.1026,0.749,False
2024-10-16,0.0998,0.7523,False
2024-10-17,0.1033,0.7482,False
2024-10-18,0.0999,0.7522,False
2024-10-21,0.0989,0.7534,False
2024-10-22,0.0911,0.763,False
2024-10-23,0.0897,0.7648,False
2024-10-24,0.0967,0.756,False
2024-10-25,0.0682,0.7943,False
2024-10-28,0.0367,0.8481,False
2024-10-29,0.0267,0.8704,False
2024-10-30,0.0263,0.8714,False
2024-10-31,0.025,0.8745,False
2024-11-01,0.0123,0.9119,False
2024-11-04,0.0102,0.9196,False
2024-11-05,0.0107,0.9177,False
2024-11-06,0.0145,0.9044,False
2024-11-07,0.0374,0.8468,False
2024-11-08,0.0547,0.8152,False
2024-11-11,0.0633,0.8015,False
2024-11-12,0.0416,0.8386,False
2024-11-13,0.0395,0.8426,False
2024-11-14,0.0315,0.8592,False
2024-11-15,0.0372,0.8472,False
2024-11-18,0.0356,0.8505,False
2024-11-19,0.03,0.8625,False
2024-11-20,0.0296,0.8635,False
2024-11-21,0.0281,0.867,False
2024-11-22,0.0284,0.8664,False
2024-11-25,0.0282,0.8667,False
2024-11-26,0.0279,0.8675,False
2024-11-27,0.032,0.8582,False
2024-11-29,0.0347,0.8523,False
2024-12-02,0.0356,0.8504,False
2024-12-03,0.0391,0.8435,False
2024-12-04,0.0365,0.8487,False
2024-12-05,0.039,0.8437,False
2024-12-06,0.0263,0.8714,False
2024-12-09,0.0235,0.8784,False
2024-12-10,0.0245,0.8758,False
2024-12-11,0.0275,0.8683,False
2024-12-12,0.0327,0.8567,False
2024-12-13,0.0257,0.8728,False
2024-12-16,0.0229,0.8799,False
2024-12-17,0.0283,0.8665,False
2024-12-18,0.0279,0.8675,False
2024-12-19,0.0368,0.8481,False
2024-12-20,0.0221,0.8819,False
2024-12-23,0.0211,0.8846,False
2024-12-24,0.0274,0.8687,False
2024-12-26,0.0314,0.8595,False
2024-12-27,0.0324,0.8573,False
2024-12-30,0.0379,0.8459,False
2024-12-31,0.0421,0.8376,False
