date,TCI,TO_SPY,FROM_SPY,NET_SPY,TO_QQQ,FROM_QQQ,NET_QQQ,TO_AAPL,FROM_AAPL,NET_AAPL
2016-01-04,0.4387,1.034,0.0778,0.9563,0.2795,0.7925,-0.513,0.0027,0.4459,-0.4433
2016-02-03,0.4429,1.0577,0.0545,1.0032,0.2706,0.7972,-0.5267,0.0004,0.477,-0.4766
2016-03-04,0.4295,1.0554,0.0354,1.0199,0.2325,0.7863,-0.5538,0.0007,0.4668,-0.4662
2016-04-05,0.4315,1.0582,0.036,1.0222,0.2356,0.7893,-0.5537,0.0006,0.4691,-0.4685
2016-05-04,0.4048,1.0034,0.0368,0.9666,0.2106,0.7884,-0.5778,0.0004,0.3892,-0.3888
2016-06-03,0.4018,0.998,0.0362,0.9618,0.2069,0.7886,-0.5816,0.0005,0.3806,-0.3802
2016-07-05,0.4021,1.0013,0.0292,0.9721,0.2046,0.8094,-0.6048,0.0004,0.3676,-0.3673
2016-08-03,0.3925,0.9863,0.0311,0.9552,0.1908,0.8134,-0.6226,0.0004,0.333,-0.3326
2016-09-01,0.3319,0.8735,0.0033,0.8702,0.1194,0.7993,-0.68,0.0029,0.1931,-0.1903
2016-10-03,0.3299,0.8759,0.0025,0.8734,0.1112,0.7931,-0.6819,0.0027,0.1942,-0.1915
2016-11-01,0.3433,0.9037,0.0014,0.9023,0.1255,0.8148,-0.6893,0.0007,0.2137,-0.213
2016-12-01,0.3389,0.8901,0.0014,0.8887,0.1263,0.8067,-0.6804,0.0003,0.2087,-0.2084
2017-01-03,0.3399,0.8861,0.0002,0.8859,0.1333,0.8073,-0.674,0.0001,0.2121,-0.2119
2017-02-02,0.2971,0.8349,0.0024,0.8326,0.0562,0.8111,-0.7549,0.0001,0.0778,-0.0777
2017-03-06,0.3125,0.895,0.0013,0.8937,0.041,0.8841,-0.8431,0.0016,0.0522,-0.0506
2017-04-04,0.3147,0.9015,0.0018,0.8998,0.0404,0.8897,-0.8493,0.0021,0.0526,-0.0505
2017-05-04,0.3245,0.9213,0.0011,0.9202,0.0517,0.8988,-0.847,0.0006,0.0737,-0.0731
2017-06-05,0.3303,0.9243,0.0003,0.924,0.0665,0.8952,-0.8287,0.0,0.0953,-0.0953
2017-07-05,0.2269,0.5642,0.0028,0.5613,0.1132,0.5474,-0.4342,0.0034,0.1305,-0.1271
2017-08-03,0.2396,0.5726,0.0062,0.5665,0.1382,0.5447,-0.4065,0.008,0.1679,-0.1599
2017-09-01,0.2569,0.6198,0.0047,0.6151,0.1455,0.581,-0.4355,0.0055,0.1851,-0.1796
2017-10-03,0.2384,0.5563,0.0008,0.5556,0.1565,0.5273,-0.3709,0.0023,0.187,-0.1847
2017-11-01,0.2247,0.4777,0.0015,0.4761,0.1925,0.4456,-0.2531,0.0038,0.2268,-0.223
2017-12-01,0.2211,0.4657,0.0052,0.4605,0.1914,0.4166,-0.2253,0.0062,0.2414,-0.2352
2018-01-03,0.2219,0.4794,0.0053,0.4741,0.1794,0.4263,-0.2469,0.0069,0.2341,-0.2272
2018-02-02,0.2826,0.6558,0.0063,0.6495,0.1856,0.4137,-0.2281,0.0063,0.4277,-0.4214
2018-03-06,0.4183,0.9057,0.0965,0.8091,0.2055,0.7919,-0.5864,0.1436,0.3663,-0.2227
2018-04-05,0.4144,0.9517,0.0762,0.8755,0.1743,0.7945,-0.6202,0.1172,0.3725,-0.2553
2018-05-04,0.3795,0.9116,0.0557,0.8559,0.148,0.7845,-0.6365,0.0789,0.2983,-0.2194
2018-06-05,0.3749,0.902,0.054,0.848,0.1457,0.7792,-0.6335,0.0768,0.2914,-0.2146
2018-07-05,0.3752,0.9411,0.0559,0.8852,0.1026,0.8046,-0.702,0.0821,0.2653,-0.1832
2018-08-03,0.3516,0.8954,0.047,0.8484,0.0876,0.7953,-0.7077,0.0718,0.2125,-0.1407
2018-09-04,0.349,0.8929,0.0472,0.8458,0.0766,0.7968,-0.7201,0.0775,0.2031,-0.1256
2018-10-03,0.347,0.8867,0.0458,0.8409,0.0819,0.794,-0.7121,0.0725,0.2013,-0.1288
2018-11-01,0.3677,0.9501,0.0348,0.9153,0.1082,0.7825,-0.6742,0.0447,0.2858,-0.241
2018-12-03,0.3425,0.9173,0.0121,0.9052,0.0985,0.7773,-0.6788,0.0115,0.2379,-0.2264
2019-01-04,0.3958,1.0207,0.0594,0.9612,0.0827,0.8479,-0.7652,0.084,0.28,-0.196
2019-02-05,0.398,1.0768,0.0369,1.0399,0.0594,0.8745,-0.815,0.0579,0.2827,-0.2248
2019-03-07,0.405,1.0993,0.0493,1.05,0.0545,0.8672,-0.8127,0.0611,0.2984,-0.2373
2019-04-05,0.4122,1.1176,0.0518,1.0658,0.0442,0.8792,-0.8351,0.0747,0.3055,-0.2308
2019-05-07,0.4155,1.1278,0.0513,1.0766,0.0422,0.8846,-0.8424,0.0765,0.3107,-0.2342
2019-06-06,0.4184,1.1567,0.04,1.1167,0.0368,0.8867,-0.8499,0.0616,0.3284,-0.2669
2019-07-08,0.4189,1.1574,0.0392,1.1182,0.0389,0.8865,-0.8476,0.0603,0.3309,-0.2706
2019-08-06,0.4312,1.1991,0.037,1.1621,0.0355,0.8921,-0.8566,0.059,0.3646,-0.3055
2019-09-05,0.4323,1.1933,0.0375,1.1558,0.042,0.8885,-0.8465,0.0616,0.3708,-0.3092
2019-10-04,0.432,1.1926,0.0376,1.155,0.0417,0.8877,-0.846,0.0616,0.3706,-0.309
2019-11-04,0.4727,1.2439,0.0473,1.1966,0.0835,0.9116,-0.8282,0.0907,0.4591,-0.3684
2019-12-04,0.4873,1.2119,0.0736,1.1382,0.1005,0.9268,-0.8263,0.1494,0.4613,-0.3119
2020-01-06,0.477,1.2408,0.0323,1.2086,0.1875,0.8167,-0.6293,0.0026,0.5819,-0.5793
2020-02-05,0.4941,1.3384,0.0482,1.2902,0.1383,0.8156,-0.6772,0.0057,0.6186,-0.613
2020-03-06,0.572,1.6114,0.0134,1.598,0.1005,0.9209,-0.8205,0.0041,0.7817,-0.7775
2020-04-06,0.623,1.782,0.0146,1.7674,0.0658,0.9491,-0.8833,0.0213,0.9054,-0.8841
2020-05-06,0.6208,1.7725,0.0151,1.7574,0.0693,0.9419,-0.8726,0.0206,0.9053,-0.8847
2020-06-05,0.6222,1.7791,0.0147,1.7643,0.063,0.9439,-0.8809,0.0245,0.9079,-0.8834
2020-07-07,0.6202,1.7713,0.0144,1.7569,0.0565,0.9449,-0.8884,0.0328,0.9013,-0.8685
2020-08-05,0.5923,1.7012,0.0098,1.6914,0.0579,0.9431,-0.8852,0.0176,0.8238,-0.8062
2020-09-03,0.5867,1.6724,0.0097,1.6628,0.0707,0.9389,-0.8681,0.017,0.8116,-0.7946
2020-10-05,0.5835,1.6567,0.0099,1.6468,0.0818,0.9312,-0.8494,0.0119,0.8093,-0.7974
2020-11-03,0.5797,1.6409,0.01,1.6309,0.0879,0.9292,-0.8413,0.0104,0.8,-0.7896
2020-12-03,0.5775,1.6354,0.0101,1.6253,0.0874,0.9248,-0.8374,0.0095,0.7975,-0.7879
2021-01-05,0.5761,1.633,0.0097,1.6233,0.087,0.9245,-0.8376,0.0083,0.7941,-0.7858
2021-02-04,0.5748,1.6277,0.0105,1.6172,0.0878,0.9237,-0.8358,0.009,0.7903,-0.7813
2021-03-08,0.5701,1.6095,0.0138,1.5957,0.0853,0.9181,-0.8328,0.0156,0.7785,-0.7629
2021-04-07,0.3061,0.6727,0.0004,0.6724,0.2445,0.5372,-0.2926,0.0011,0.3808,-0.3797
2021-05-06,0.3112,0.6825,0.0004,0.6822,0.2501,0.5409,-0.2908,0.0009,0.3923,-0.3914
2021-06-07,0.3184,0.7182,0.0004,0.7178,0.2365,0.5651,-0.3287,0.0005,0.3897,-0.3892
2021-07-07,0.3506,0.9204,0.0007,0.9197,0.1292,0.6583,-0.5291,0.0022,0.3928,-0.3906
2021-08-05,0.4308,1.1192,0.0003,1.1189,0.1699,0.6733,-0.5034,0.0033,0.6187,-0.6154
2021-09-03,0.3898,0.9499,0.0065,0.9434,0.2168,0.5981,-0.3814,0.0028,0.5648,-0.562
2021-10-05,0.3337,0.8145,0.0001,0.8144,0.1859,0.5658,-0.3799,0.0006,0.4351,-0.4345
2021-11-03,0.2977,0.7407,0.0001,0.7406,0.151,0.5102,-0.3592,0.0014,0.3827,-0.3813
2021-12-03,0.2957,0.7494,0.0033,0.7461,0.1324,0.5019,-0.3695,0.0052,0.3819,-0.3766
2022-01-04,0.3329,0.7912,0.0049,0.7863,0.1951,0.5218,-0.3267,0.0125,0.4721,-0.4596
2022-02-03,0.3462,0.9319,0.0081,0.9237,0.0805,0.6056,-0.5251,0.0264,0.425,-0.3987
2022-03-07,0.324,0.9357,0.0014,0.9343,0.0261,0.679,-0.6528,0.0102,0.2916,-0.2815
2022-04-05,0.3479,1.0079,0.0023,1.0056,0.0146,0.7322,-0.7176,0.0213,0.3092,-0.288
2022-05-05,0.4386,1.2507,0.0131,1.2376,0.0214,0.8196,-0.7981,0.0437,0.4831,-0.4394
2022-06-06,0.457,1.3432,0.0005,1.3427,0.0201,0.8469,-0.8268,0.0078,0.5237,-0.5159
2022-07-07,0.4665,1.3614,0.0025,1.3588,0.0245,0.8614,-0.8369,0.0135,0.5354,-0.522
2022-08-05,0.4628,1.346,0.0023,1.3437,0.031,0.8538,-0.8229,0.0116,0.5324,-0.5208
2022-09-06,0.4676,1.3593,0.0024,1.3569,0.0315,0.8581,-0.8266,0.0121,0.5424,-0.5303
2022-10-05,0.4776,1.3526,0.0184,1.3342,0.04,0.8601,-0.8201,0.0402,0.5543,-0.5141
2022-11-03,0.4494,1.2836,0.0154,1.2682,0.0405,0.8486,-0.8082,0.0241,0.4842,-0.4601
2022-12-05,0.5026,1.4212,0.0252,1.396,0.0554,0.8823,-0.8269,0.0313,0.6004,-0.5691
2023-01-05,0.5027,1.4273,0.0246,1.4027,0.0502,0.8851,-0.8348,0.0304,0.5983,-0.5679
2023-02-06,0.52,1.4687,0.0199,1.4489,0.068,0.8886,-0.8206,0.0234,0.6516,-0.6283
2023-03-08,0.5323,1.5009,0.022,1.4789,0.0751,0.8998,-0.8247,0.0209,0.6752,-0.6543
2023-04-06,0.5355,1.5063,0.0211,1.4852,0.0769,0.9046,-0.8276,0.0233,0.681,-0.6576
2023-05-08,0.5299,1.5081,0.015,1.4931,0.0676,0.9079,-0.8403,0.0141,0.6669,-0.6528
2023-06-07,0.5302,1.4951,0.0283,1.4668,0.0625,0.9011,-0.8386,0.0329,0.6611,-0.6282
2023-07-10,0.536,1.513,0.0386,1.4744,0.0584,0.8964,-0.838,0.0365,0.6729,-0.6364
2023-08-08,0.5319,1.5053,0.0415,1.4637,0.0561,0.8991,-0.843,0.0344,0.6552,-0.6207
2023-09-07,0.5298,1.4953,0.0477,1.4476,0.0582,0.8916,-0.8334,0.036,0.6502,-0.6142
2023-10-06,0.522,1.526,0.0179,1.5082,0.0363,0.8897,-0.8534,0.0037,0.6584,-0.6547
2023-11-06,0.5538,1.6229,0.0136,1.6092,0.0318,0.8994,-0.8676,0.0068,0.7484,-0.7417
2023-12-06,0.3284,0.9288,0.0,0.9287,0.0485,0.6542,-0.6057,0.008,0.331,-0.323
2024-01-08,0.2778,0.7406,0.0033,0.7373,0.0731,0.5917,-0.5186,0.0196,0.2383,-0.2187
2024-02-07,0.2785,0.804,0.0003,0.8037,0.028,0.6496,-0.6216,0.0034,0.1854,-0.1821
2024-03-08,0.2684,0.7813,0.0013,0.7799,0.0226,0.6655,-0.6429,0.0013,0.1384,-0.1371
2024-04-09,0.261,0.7666,0.0002,0.7664,0.0141,0.671,-0.6569,0.0025,0.1119,-0.1095
2024-05-08,0.2387,0.6674,0.0112,0.6562,0.0375,0.6319,-0.5944,0.0114,0.0732,-0.0618
2024-06-07,0.264,0.7326,0.0122,0.7204,0.0448,0.6978,-0.653,0.0146,0.0819,-0.0673
2024-07-10,0.2505,0.7126,0.0071,0.7056,0.0287,0.7046,-0.6759,0.0101,0.0398,-0.0297
2024-08-08,0.2765,0.8124,0.0063,0.8061,0.0166,0.7396,-0.7229,0.0005,0.0836,-0.0831
2024-09-09,0.2834,0.84,0.003,0.837,0.01,0.7668,-0.7568,0.0002,0.0804,-0.0802
2024-10-08,0.288,0.854,0.0022,0.8519,0.0096,0.7708,-0.7613,0.0005,0.0911,-0.0906
2024-11-06,0.2911,0.8614,0.0002,0.8612,0.0117,0.7894,-0.7777,0.0003,0.0838,-0.0835
2024-12-06,0.2881,0.8535,0.0,0.8534,0.0106,0.7808,-0.7703,0.0002,0.0833,-0.0831
